-- phpMyAdmin SQL Dump
-- version 5.2.1
-- https://www.phpmyadmin.net/
--
-- Host: 127.0.0.1
-- Generation Time: Sep 09, 2024 at 04:54 PM
-- Server version: 10.4.32-MariaDB
-- PHP Version: 8.2.12

SET SQL_MODE = "NO_AUTO_VALUE_ON_ZERO";
START TRANSACTION;
SET time_zone = "+00:00";


/*!40101 SET @OLD_CHARACTER_SET_CLIENT=@@CHARACTER_SET_CLIENT */;
/*!40101 SET @OLD_CHARACTER_SET_RESULTS=@@CHARACTER_SET_RESULTS */;
/*!40101 SET @OLD_COLLATION_CONNECTION=@@COLLATION_CONNECTION */;
/*!40101 SET NAMES utf8mb4 */;

--
-- Database: `project`
--

-- --------------------------------------------------------

--

--



-- --------------------------------------------------------

--
-- Table structure for table `daily_record`
--

CREATE TABLE `daily_record` (
  `d_id` int(11) NOT NULL,
  `income` int(11) NOT NULL,
  `expense` int(11) NOT NULL,
  `profit` int(11) NOT NULL,
  `date` date NOT NULL
) ENGINE=InnoDB DEFAULT CHARSET=utf8 COLLATE=utf8_general_ci;

--
-- Dumping data for table `daily_record`
--

INSERT INTO `daily_record` (`d_id`, `income`, `expense`, `profit`, `date`) VALUES
(38, 159600, 123000, 36600, '2024-07-01'),
(39, 283800, 187750, 96050, '2024-07-02'),
(40, 103400, 52200, 51200, '2024-07-03'),
(41, 331200, 145250, 185950, '2024-07-04'),
(42, 76200, 42450, 33750, '2024-07-05'),
(46, 195500, 69250, 126250, '2024-07-06'),
(47, 263900, 92000, 171900, '2024-07-07'),
(48, 344700, 110100, 234600, '2024-07-08'),
(50, 297100, 146600, 150500, '2024-07-09'),
(51, 255300, 122500, 132800, '2024-07-10'),
(52, 339200, 158750, 180450, '2024-07-11'),
(53, 197300, 45000, 152300, '2024-07-12'),
(54, 260400, 200000, 60400, '2024-07-13'),
(55, 148100, 25000, 123100, '2024-07-14'),
(56, 105100, 35000, 70100, '2024-07-15'),
(57, 134600, 33500, 101100, '2024-07-16'),
(58, 549600, 1080900, -531300, '2024-08-01'),
(59, 540000, 250000, 290000, '2024-07-17'),
(60, 912500, 690500, 222000, '2024-07-18'),
(62, 768800, 392750, 376050, '2024-07-19'),
(63, 756500, 450000, 306500, '2024-07-20'),
(64, 842500, 500000, 342500, '2024-07-21'),
(65, 750000, 450000, 300000, '2024-07-22'),
(66, 598500, 344000, 254500, '2024-07-23'),
(67, 643000, 305000, 338000, '2024-07-24'),
(68, 600000, 348000, 252000, '2024-07-25'),
(69, 560400, 343750, 216650, '2024-07-26'),
(70, 522000, 336000, 186000, '2024-07-27'),
(71, 915000, 574000, 341000, '2024-07-28'),
(72, 498500, 200000, 298500, '2024-07-29'),
(73, 712500, 324000, 388500, '2024-07-30'),
(74, 597500, 360000, 237500, '2024-07-31'),
(75, 84400, 0, 84400, '2024-08-12'),
(76, 91500, 0, 91500, '2024-08-13'),
(77, 0, 3115500, -3115500, '2024-08-17'),
(78, 0, 371000, -371000, '2024-08-19'),
(79, 46800, 0, 46800, '2024-08-20'),
(80, 29400, 0, 29400, '2024-08-21'),
(81, 117100, 0, 117100, '2024-08-23'),
(82, 192800, 0, 192800, '2024-08-22'),
(83, 45000, 0, 45000, '2024-08-24'),
(84, 182100, 0, 182100, '2024-08-25'),
(85, 47800, 0, 47800, '2024-08-28'),
(86, 468400, 0, 468400, '2024-08-29'),
(87, 2800, 0, 2800, '2024-09-01'),
(88, 264500, 191000, 73500, '2024-09-02'),
(89, 25000, 0, 25000, '2024-09-03'),
(90, 394800, 6000, 388800, '2024-09-04'),
(91, 159200, 0, 159200, '2024-09-05'),
(96, 88500, 0, 88500, '2024-08-05'),
(103, 278700, 1645000, -1366300, '2024-09-06');

--
-- Triggers `daily_record`
--
DELIMITER $$
CREATE TRIGGER `insert_profit` BEFORE INSERT ON `daily_record` FOR EACH ROW BEGIN
    DECLARE income DECIMAL(10, 2);
    DECLARE expense DECIMAL(10, 2);

    SET income = NEW.income;
    SET expense = NEW.expense;
    
    -- Calculate profit
    SET NEW.profit = income - expense;
END
$$
DELIMITER ;
DELIMITER $$
CREATE TRIGGER `profit_before_update` BEFORE UPDATE ON `daily_record` FOR EACH ROW BEGIN
    -- Calculate profit based on income and expense for the updated row
    SET NEW.profit = NEW.income - NEW.expense;
END
$$
DELIMITER ;

-- --------------------------------------------------------

--
-- Table structure for table `foods`
--

CREATE TABLE `foods` (
  `food_id` int(11) NOT NULL,
  `f_id` int(30) NOT NULL,
  `image` varchar(100) NOT NULL,
  `food_name` text NOT NULL,
  `food_price` int(11) NOT NULL,
  `status` tinyint(1) NOT NULL DEFAULT 1,
  `delete_flag` tinyint(1) NOT NULL DEFAULT 0
) ENGINE=InnoDB DEFAULT CHARSET=utf8 COLLATE=utf8_general_ci;

--
-- Dumping data for table `foods`
--

INSERT INTO `foods` (`food_id`, `f_id`, `image`, `food_name`, `food_price`, `status`, `delete_flag`) VALUES
(2, 1, 'strawberry.jpg', 'Strawberry Milkshake', 3000, 0, 0),
(3, 1, 'cold eggmilk.jpg', 'Cold Egg Milk', 2800, 1, 0),
(4, 1, 'Plum Lemonate.jpg', 'Plum Lemon', 3500, 1, 0),
(5, 1, 'lime1.jpg', 'Lime', 2000, 1, 0),
(6, 1, 'ice greentea.jpg', 'Ice Green Tea', 2500, 1, 0),
(7, 1, 'ice coffee.jpg', 'Ice Coffee', 2500, 1, 0),
(8, 1, 'milomilkshake.jpg', 'Milo Milkshake', 2500, 1, 0),
(9, 1, 'kiwi juice1.jpg', 'Kiwi Juice', 2000, 1, 0),
(10, 1, 'blueberry milkshake.jpg', 'Blueberry Milkshake', 2800, 1, 0),
(11, 1, 'coldmilk.jpg', 'Cold Milk', 2500, 1, 0),
(12, 1, 'taro milkshake.jpg', 'Taro MilkShake', 2800, 1, 0),
(13, 1, 'faluda.jpg', 'Faluda', 3000, 1, 0),
(14, 1, 'gelatin.jpg', 'Gelatin', 2800, 1, 0),
(15, 1, 'taro icecream.jpg', 'Taro Icecream', 2800, 1, 0),
(16, 1, 'cake icecream.jpg', 'Cake Icecream', 2800, 1, 0),
(17, 1, 'breadicecream1.jpg', 'Bread Icecream', 2800, 1, 0),
(18, 1, 'blueberryicecream.jpg ', 'Blueberry Icecream', 3000, 1, 0),
(19, 1, 'fruiticecream.jpg', 'Fruit Icecream Salad', 3000, 1, 0),
(20, 1, 'shweyinaye.jpg', 'ShweYinAye', 2800, 1, 0),
(21, 1, 'milk icecream.jpg', 'Milk Icecream', 2500, 1, 0),
(22, 1, 'milk jelly juice.jpg', 'Milk Jelly Juice', 2800, 1, 0),
(23, 1, 'cold pudding.jpg', 'Cold Pudding', 3000, 1, 0),
(24, 1, 'coconut milk jelly.jpg', 'Coconut MilkJelly', 2800, 1, 0),
(25, 1, 'three coloricecream.jpg', 'Three ColorIcecream', 2800, 1, 0),
(26, 1, 'pineapple.jpg', 'Pineapple', 2800, 1, 0),
(27, 1, 'mango.jpg', 'Mango Fruit Juice', 3000, 1, 0),
(28, 1, 'avocodo.jpg', 'Avocodo Fruit Juice', 3000, 1, 0),
(29, 1, 'dragon.jpg', 'Dragon Fruit Juice', 3000, 1, 0),
(31, 1, 'apple.jpg', 'Apple Fruit Juice', 2800, 1, 0),
(32, 1, 'images.jpg', 'orange juice', 2500, 1, 0),
(72, 6, 'American-Fried-Rice.jpg', 'American-Fried-Rice', 5000, 1, 0),
(73, 6, 'basil fried rice with chicken.jpg', 'Chicken Basil Fired Rice', 4500, 1, 0),
(74, 6, 'basil fried rice withpork.jpg', 'Pork Basil Fired Rice', 4000, 1, 0),
(75, 6, 'basil fried rice with seafood.jpg', 'Seafood Basil Fired Rice', 7000, 1, 0),
(76, 6, 'chicken fried rice.jpg', 'Chicken Fried Rice', 3500, 1, 0),
(77, 6, 'Fired Rice With Beef2.jpg', ' Beef Fired Rice ', 4500, 1, 0),
(78, 6, 'fried rice with beans.jpg', 'Bean Fried Rice ', 4500, 1, 0),
(79, 6, 'fried rice with egg.jpg', ' Egg Fried Rice', 3000, 1, 0),
(80, 6, 'Fruit Fired Rice.jpg', 'Fruit Fired Rice', 3000, 1, 0),
(81, 6, 'Oiled rice.jpg', 'Oiled rice', 2000, 1, 0),
(82, 6, 'pashu fried rice with chicken1.jpg', ' Chicken Pashu Fried Rice', 4500, 1, 0),
(83, 6, 'pashu fried rice with pork.jpg', 'Pork Pashu Fried Rice ', 4500, 1, 0),
(84, 6, 'pashu fried rice with seafood.jpg', 'Seafood  Pashu Fried Rice', 6500, 1, 0),
(85, 6, 'Pork fried rice.jpg', 'Pork Fried Rice', 4500, 1, 0),
(86, 6, 'seafood fried rice.jpg', 'Seafood Fried Rice', 6500, 1, 0),
(87, 6, 'Short Ribs  Fired Rice.jpg', 'Short Ribs  Fired Rice', 5000, 1, 0),
(88, 6, 'Thai Fired Rice 1.jpg', 'Thai Fired Rice', 4500, 1, 0),
(89, 6, 'Tomyum Fired Rice2.jpg', 'Tomyum Fired Rice', 5000, 1, 0),
(90, 6, 'Vegetarian Fried Rice 1.jpg', 'Vegetarian Fried Rice', 3500, 1, 0),
(110, 2, 'chicken satay.jpg', 'Chicken Satay', 4000, 1, 0),
(111, 2, 'crispy fried chicken.jpg', 'Crispy Fried Chicken', 4000, 1, 0),
(112, 2, 'fired fish crochers.jpg', 'Fired Fish Crochers', 3000, 1, 0),
(113, 2, 'fired popadum.jpg', 'Fired Popadum', 2500, 1, 0),
(114, 2, 'flat fried potatoes.jpg', 'Flat Fried Potatoes', 3000, 1, 0),
(115, 2, 'fried assorted meats.jpg', 'Fried Assorted Meats', 3500, 1, 0),
(116, 2, 'fried cashew nuts.jpg', 'Fried Cashew Nuts', 3000, 1, 0),
(117, 2, 'fried cheese sticks.jpg', 'Fried Cheese Sticks', 4000, 1, 0),
(118, 2, 'fried chicken meatballs.jpg', 'Fried Chicken Meatballs', 4000, 1, 0),
(119, 2, 'fried chicken with sesame.jpg', 'Fried Chicken Sesame', 4000, 1, 0),
(120, 2, 'fried garlic.jpg', 'Fried Garlic', 3000, 1, 0),
(121, 2, 'fried lemon chicken.jpg', 'Fried Lemon Chicken', 4000, 1, 0),
(122, 2, 'fried potatoes.jpg', 'Fried Potatoes', 4000, 1, 0),
(123, 2, 'fried spicy cashew nuts.jpg', 'Fried Spicy Cashew Nuts', 4000, 1, 0),
(124, 2, 'fried tofu crocher.jpg', 'Fried Tofu Crocher', 3500, 1, 0),
(125, 2, 'honey chicken.jpg', 'Honey Chicken', 4500, 1, 0),
(126, 2, 'mala chip.jpg', 'Mala Chip', 4000, 1, 0),
(127, 2, 'omlette.jpg', 'Omlette', 4000, 1, 0),
(128, 2, 'onion rings.jpg', 'Onion Rings', 2500, 1, 0),
(129, 2, 'spicy chicken.jpg', 'Spicy Chicken', 4500, 1, 0),
(130, 2, 'spring rolls.jpg', 'Spring Rolls', 3000, 1, 0),
(131, 2, 'vegetable tempura.jpg', 'Vegetable Tempura', 3000, 1, 0),
(174, 2, 'crispy pork belly salad.jpg', 'Crispy Pork Belly Salad', 4000, 1, 0),
(175, 2, 'crispy pork belly.jpg', 'Crispy Pork Belly', 3500, 1, 0),
(176, 2, 'fried beef meatball.jpg', 'Fried Beef Meatball', 5000, 1, 0),
(177, 2, 'fried cuttlefish.jpg', 'Fried Cuttlefish', 3500, 1, 0),
(178, 2, 'fried dried beef.jpg', 'Fried Dried Beef', 5000, 1, 0),
(179, 2, 'fried dried intertine.jpg', 'Fried Dried Intertine', 5000, 1, 0),
(180, 2, 'fried fish sticks.jpg', 'Fried Fish Sticks', 3500, 1, 0),
(181, 2, 'fried grilled porks.jpg', 'Fried Grilled Porks', 5000, 1, 0),
(182, 2, 'fried mixed seafood.jpg', 'Fried Mixed Seafood', 10000, 1, 0),
(183, 2, 'fried pork meatballs.jpg', 'Fried Pork Meatballs', 4000, 1, 0),
(184, 2, 'fried pork ribs.jpg', 'Fried Pork Ribs', 4000, 1, 0),
(185, 2, 'fried soft shell crab.jpg', 'Fried Soft Shell Crab', 8000, 1, 0),
(186, 2, 'garlic fried prawn.jpg', 'Garlic Fried Prawn', 7000, 1, 0),
(187, 2, 'grilled pork neck salad.jpg', 'Grilled Pork Neck Salad', 6000, 1, 0),
(188, 2, 'grilled pork neck.jpg', 'Grilled Pork Neck', 5000, 1, 0),
(189, 2, 'pork satay.jpg', 'Pork Satay', 6000, 1, 0),
(190, 2, 'spicy beef.jpg', 'Spicy Beef', 8000, 1, 0),
(191, 2, 'spicy deep fried eel.jpg', 'Spicy Deep Fried', 4000, 1, 0),
(192, 2, 'spicy fried pork ribs.jpg', 'Spicy Fried Pork Ribs', 5000, 1, 0),
(193, 10, 'Papaya salad.jpg', 'Papaya Salad', 2500, 1, 0),
(194, 10, 'seafood salad.jpg', 'Seafood Salad', 15000, 1, 0),
(195, 10, 'needle salad.jpg', 'Needle Salad', 3000, 1, 0),
(196, 10, 'mashed assorted seafood.jpg', 'Mashed Assorted Seafood', 10000, 1, 0),
(235, 10, 'mashed corns.jpg', 'Mashed Corns', 3000, 1, 0),
(236, 10, 'mashed crabs.jpg', 'Mashed Crabs', 8000, 1, 0),
(237, 10, 'mashed cuttlefish.jpg', 'Mashed Cuttlefish', 10000, 1, 0),
(238, 10, 'mashed mutton.jpg', 'Mashed Mutton', 15000, 1, 0),
(239, 10, 'mashed pig intestines.jpg', 'Mashed Pig Intestines', 12000, 1, 0),
(240, 10, 'mashed squid.jpg', 'Mashed Squid', 10000, 1, 0),
(241, 10, 'munhpaat.jpg', 'Munhpaat', 3500, 1, 0),
(335, 14, 'black bean pao.jpg', 'Black Bean Pao', 3500, 1, 0),
(336, 14, 'char siew pao.jpg', 'Char Siew Pao', 3500, 1, 0),
(337, 14, 'chicken century egg.jpg', 'Chicken Century Egg', 2500, 1, 0),
(338, 14, 'chicken on sousage.jpg', 'Chicken  Sousage', 4000, 1, 0),
(339, 14, 'chicken sticky rice.jpg', 'Chicken Sticky Rice', 5000, 1, 0),
(340, 14, 'crispy prawn.jpg', 'Crispy Prawn', 4500, 1, 0),
(341, 14, 'crispy radish cake.jpg', 'Crispy Radish Cake', 3500, 1, 0),
(342, 14, 'cuttlefish meatballs.jpg', 'Cuttlefish Meatballs', 4000, 1, 0),
(343, 14, 'deep fried shrimp.jpg', 'Deep Fried Shrimp', 4500, 1, 0),
(344, 14, 'deep fried taro puff.jpg', 'Deep Fried Taro Puff', 4000, 1, 0),
(345, 14, 'fish dumpling.jpg', 'Fish Dumpling', 4000, 1, 0),
(346, 14, 'fried pao.jpg', 'Fried Pao', 3500, 1, 0),
(347, 14, 'fried prawn roll.jpg', 'Fried Prawn Roll', 4000, 1, 0),
(348, 14, 'har gow.jpg', 'Har Gow', 4000, 1, 0),
(349, 14, 'king of siu mai.jpg', 'King Siu Mai', 4000, 1, 0),
(350, 14, 'prawn in chili sauce.jpg', 'Prawn Chili Sauce', 4000, 1, 0),
(351, 14, 'prawn seaweed roll.jpg', 'Prawn Seaweed Roll', 4500, 1, 0),
(352, 14, 'salted egg pao.jpg', 'Salted Egg Pao', 4000, 1, 0),
(353, 14, 'seafood shaomai.jpg', 'Seafood Shaomai', 5000, 1, 0),
(354, 14, 'sesame coated mochi.jpg', 'Sesame Coated Mochi', 4000, 1, 0),
(355, 14, 'shanghai potstickers.jpg', 'Shanghai Potstickers', 3500, 1, 0),
(356, 14, 'steamed chicken feet.jpg', 'Steamed Chicken Feet', 4000, 1, 0),
(357, 14, 'steamed short ribs.jpg', 'Steamed Short Ribs', 4500, 1, 0),
(358, 14, 'stuffed yao kwar kwai.jpg', 'Stuffed Yao Kwar Kwai', 4000, 1, 0),
(359, 14, 'tofu with prawn.jpg', 'Tofu Prawn', 3500, 1, 0),
(360, 14, 'vegetable spring roll.jpg', 'Vegetable Spring Roll', 3500, 1, 0),
(361, 14, 'yam paste bao.jpg', 'Yam Paste Bao', 4000, 1, 0),
(362, 15, 'americano.jpg', 'Americano', 2000, 1, 0),
(363, 15, 'black coffee.jpg', 'Black Coffee', 2500, 1, 0),
(364, 15, 'cappuccino.jpg', 'Cappuccino', 2500, 1, 0),
(365, 15, 'Caramel-Latte.jpg', 'Caramel-Latte', 2800, 1, 0),
(366, 15, 'chocolate milk tea.jpg', 'Chocolate Milk Tea', 2500, 1, 0),
(367, 15, 'chocolate-latte.jpg', 'Chocolate-latte', 3000, 1, 0),
(368, 15, 'coffee bubble milk tea.jpg', 'Coffee Bubble Milk Tea', 3000, 1, 0),
(369, 15, 'green milk tea.jpg', 'Green Milk Tea', 3000, 1, 0),
(370, 15, 'green tea.jpg', 'Green Tea', 2000, 1, 0),
(371, 15, 'mocha.jpg', 'Mocha', 3000, 1, 0),
(372, 15, 'peach coffee.jpg', 'Peach Coffee', 2500, 1, 0),
(373, 15, 'strawberry milk tea.jpg', 'Strawberry Milk Tea', 3000, 1, 0),
(374, 15, 'thai milk tea.jpg', 'Thai Milk Tea', 3500, 1, 0),
(375, 15, 'thai tea.jpg', 'Thai Tea', 2000, 1, 0),
(376, 15, 'vanilla latte.jpg', 'Vanilla Latte', 2900, 1, 0),
(377, 15, 'white-chocolate-mocha-square.jpg', 'White-chocolate-mocha-square', 3000, 1, 0),
(379, 13, 'Apple Cheddar Bacon Pizza.jpg', 'Apple Cheddar Bacon Pizza', 20000, 1, 0),
(380, 13, 'Bacon Fig Pizza.jpg', 'Bacon Fig Pizza', 20000, 1, 0),
(381, 13, 'BBQ Pork Pizza.jpg', 'BBQ Pork Pizza', 18000, 1, 0),
(382, 13, 'Beef & Bacon Pizza.jpg', 'Beef & Bacon Pizza', 22000, 1, 0),
(383, 13, 'Beef,Pepper and Onion Pizza.jpg', 'Beef,Pepper and Onion Pizza', 25000, 1, 0),
(384, 13, 'Best Veggie Pizza.jpg', 'Best Veggie Pizza', 15000, 1, 0),
(385, 13, 'Breakfast Pizza.jpg', 'Breakfast Pizza', 10000, 1, 0),
(386, 13, 'Canadian Bacon Pizza.jpg', 'Canadian Bacon Pizza', 15000, 1, 0),
(387, 13, 'Caramelised Onion Pizza.jpg', 'Caramelised Onion Pizza', 13000, 1, 0),
(388, 13, 'Caramelized Onion Pizza.jpg', 'Caramelized Onion Pizza', 15000, 1, 0),
(389, 13, 'Cheese Double Crust Pizza.jpg', 'Cheese Double Crust Pizza', 20000, 1, 0),
(390, 13, 'Cherry Tomato Pizza.jpg', 'Cherry Tomato Pizza', 18000, 1, 0),
(391, 13, 'Chicken Bacon Ranch Pizza.jpg', 'Chicken Bacon Ranch Pizza', 20000, 1, 0),
(392, 13, 'Chicken Sausage Pizza.jpg', 'Chicken Sausage Pizza', 18000, 1, 0),
(393, 13, 'Chocolate Pizza.jpg', 'Chocolate Pizza', 22000, 1, 0),
(394, 13, 'Classic Cheese Pizza.jpg', 'Classic Cheese Pizza', 18000, 1, 0),
(395, 13, 'Corn & Tomato Pizza.jpg', 'Corn & Tomato Pizza', 16000, 1, 0),
(396, 13, 'Creamy Spinach Pizza.jpg', 'Creamy Spinach Pizza', 18000, 1, 0),
(398, 13, 'Crispy Bar-Style Pizza.jpg', 'Crispy Bar-Style Pizza', 18000, 1, 0),
(399, 13, 'Deep Dish Pizza.jpg', 'Deep Dish Pizza', 15000, 1, 0),
(400, 13, 'Double Cheese Burst Pizza.jpg', 'Double Cheese Burst Pizza', 25000, 1, 0),
(401, 13, 'Double Cheese Chicken Pizza.jpg', 'Double Cheese Chicken Pizza', 25000, 1, 0),
(402, 13, 'French Bread Pizza.jpg', 'French Bread Pizza', 15000, 1, 0),
(403, 13, 'Fruit Pizza.jpg', 'Fruit Pizza', 17000, 1, 0),
(404, 13, 'Garlic Cheese Pizza.jpg', 'Garlic Cheese Pizza', 18000, 1, 0),
(405, 13, 'Gluten Free Hot Honey Pizza.jpg', 'Gluten Free Hot Honey Pizza', 15000, 1, 0),
(406, 13, 'Grilled Pulled Pork Pizza.jpg', 'Grilled Pulled Pork Pizza', 18000, 1, 0),
(407, 13, 'Hamburger-Pepperoni Pizza.jpg', 'Hamburger-Pepperoni Pizza', 18000, 1, 0),
(408, 13, 'Hawaiian Pizza.jpg', 'Hawaiian Pizza', 22000, 1, 0),
(409, 13, 'Hawaiian Pulled Pork Pizza.jpg', 'Hawaiian Pulled Pork Pizza', 25000, 1, 0),
(410, 13, 'Heathy 4-step Veggie Pizza.jpg', 'Heathy 4-step Veggie Pizza', 13000, 1, 0),
(411, 13, 'Homemade Pepperoni Pizza.jpg', 'Homemade Pepperoni Pizza', 13000, 1, 0),
(412, 13, 'Homemade Pizza.jpg', 'Homemade Pizza', 13000, 1, 0),
(413, 13, 'Honey Bacon Pizza.jpg', 'Honey Bacon Pizza', 20000, 1, 0),
(414, 13, 'Hot Honey Pepperoni Pizza.jpg', 'Hot Honey Pepperoni Pizza', 18000, 1, 0),
(415, 13, 'Hunan Beef Pizza.jpg', 'Hunan Beef Pizza', 18000, 1, 0),
(416, 13, 'Margherita Pizza.jpg', 'Margherita Pizza', 18000, 1, 0),
(418, 13, 'MOD Pizza.jpg', 'MOD Pizza', 18000, 1, 0),
(419, 13, 'Mushroom Pizza.jpg', 'Mushroom Pizza', 15000, 1, 0),
(420, 13, 'Neapolitan Pizza.jpg', 'Neapolitan Pizza', 15000, 1, 0),
(421, 13, 'Neapolitan Verace Pizza.jpg', 'Neapolitan Verace Pizza', 15000, 1, 0),
(422, 13, 'Olive Pizza.jpg', 'Olive Pizza', 10000, 1, 0),
(423, 13, 'Personal Beef Pizza.jpg', 'Personal Beef Pizza', 18000, 1, 0),
(424, 13, 'Popcorn Chicken Pizza.jpg', 'Popcorn Chicken Pizza', 15000, 1, 0),
(425, 13, 'Pork & Fennel Pizza.jpg', 'Pork & Fennel Pizza', 18000, 1, 0),
(426, 13, 'Prosciutto Pizza.jpg', 'Prosciutto Pizza', 13000, 1, 0),
(427, 13, 'Pulled Pork BBQ Pizza.jpg', 'Pulled Pork BBQ Pizza', 18000, 1, 0),
(428, 13, 'Sheet Pan Pizza.jpg', 'Sheet Pan Pizza', 17000, 1, 0),
(429, 13, 'Smokey Bacon Pizza.jpg', 'Smokey Bacon Pizza', 16000, 1, 0),
(430, 13, 'Sourdough Pizza.jpg', 'Sourdough Pizza', 15000, 1, 0),
(431, 13, 'Spicy Beef Pizza.jpg', 'Spicy Beef Pizza', 18000, 1, 0),
(432, 13, 'Spicy Mexican Pizza.jpg', 'Spicy Mexican Pizza', 17000, 1, 0),
(433, 13, 'Supreme Pizza.jpg', 'Supreme Pizza', 22000, 1, 0),
(434, 13, 'Taco Pizza.jpg', 'Taco Pizza', 16000, 1, 0),
(435, 13, 'Thai Pork Pizza.jpg', 'Thai Pork Pizza', 18000, 1, 0),
(436, 13, 'Vegetable Plain Cheese Pizza.jpg', 'Vegetable Plain Cheese Pizza', 12000, 1, 0),
(437, 13, 'White Pizza.jpg', 'White Pizza', 10000, 1, 0),
(438, 11, 'All-In-One Spaghetti.jpg', 'All-In-One Spaghetti', 7000, 1, 0),
(439, 11, 'Asian Ground Beef Spaghetti.jpg', 'Asian Ground Beef Spaghetti', 8000, 1, 0),
(440, 11, 'Baked Beef Spaghetti.jpg', 'Baked Beef Spaghetti', 7500, 1, 0),
(441, 11, 'Beef and Lentil Spaghetti.jpg', 'Beef and Lentil Spaghetti', 10000, 1, 0),
(442, 11, 'Beef Curry Spaghetti.jpg', 'Beef Curry Spaghetti', 8000, 1, 0),
(443, 11, 'Beef Hayashi Spaghetti.jpg', 'Beef Hayashi Spaghetti', 5000, 1, 0),
(444, 11, 'Beef Ragu Spaghetti.jpg', 'Beef Ragu Spaghetti', 9000, 1, 0),
(445, 11, 'Beef Stir Fry Spaghetti.jpg', 'Beef Stir Fry Spaghetti', 8000, 1, 0),
(446, 11, 'Beef Stroganoff Spaghetti.jpg', 'Beef Stroganoff Spaghetti', 10000, 1, 0),
(447, 11, 'Beef,Beer and Bacon Spaghetti.jpg', 'Beef,Beer and Bacon Spaghetti', 10000, 1, 0),
(448, 11, 'Beefy Spaghetti.jpg', 'Beefy Spaghetti', 8000, 1, 0),
(449, 11, 'Chicken Spaghetti.jpg', 'Chicken Spaghetti', 7000, 1, 0),
(450, 11, 'Corned Beef Spaghetti.jpg', 'Corned Beef Spaghetti', 10000, 1, 0),
(451, 11, 'Cowboy Spaghetti.jpg', 'Cowboy Spaghetti', 8500, 1, 0),
(452, 11, 'Creole Spaghetti.jpg', 'Creole Spaghetti', 8500, 1, 0),
(453, 11, 'Crock Pot Spaghetti.jpg', 'Crock Pot Spaghetti', 9000, 1, 0),
(454, 11, 'Dominican Spaghetti.jpg', 'Dominican Spaghetti', 8500, 1, 0),
(455, 11, 'Greek Spaghetti.jpg', 'Greek Spaghetti', 5000, 1, 0),
(456, 11, 'Greek-Style Beef & Spaghetti.jpg', 'Greek-Style Beef & Spaghetti', 8000, 1, 0),
(457, 11, 'Hearty Beef Spaghetti.jpg', 'Hearty Beef Spaghetti', 7000, 1, 0),
(458, 11, 'Homemade Spicy Spaghetti.jpg', 'Homemade Spicy Spaghetti', 6500, 1, 0),
(459, 11, 'Instant Pot Spaghetti.jpg', 'Instant Pot Spaghetti', 6500, 1, 0),
(460, 11, 'Jollibee Spaghetti.jpg', 'Jollibee Spaghetti', 8500, 1, 0),
(461, 11, 'Korean Beef Spaghetti.jpg', 'Korean Beef Spaghetti', 3000, 1, 0),
(462, 11, 'Lemon Spaghetti.jpg', 'Lemon Spaghetti', 7500, 1, 0),
(464, 11, 'Meat-Free Spaghetti.jpg', 'Meat-Free Spaghetti', 7500, 1, 0),
(465, 11, 'Meaty Spaghetti.jpg', 'Meaty Spaghetti', 8500, 1, 0),
(466, 11, 'Mexican Spaghetti.jpg', 'Mexican Spaghetti', 7500, 1, 0),
(467, 11, 'Mushroom-Beef Spaghetti.jpg', 'Mushroom-Beef Spaghetti', 9000, 1, 0),
(468, 11, 'One Pot Spaghetti.jpg', 'One Pot Spaghetti', 6000, 1, 0),
(469, 11, 'Pinoy Cheesy Spaghetti.jpg', 'Pinoy Cheesy Spaghetti', 10000, 1, 0),
(470, 11, 'Sauce-Simmered Spaghetti.jpg', 'Sauce-Simmered Spaghetti', 7000, 1, 0),
(471, 11, 'Simple Spaghetti.jpg', 'Simple Spaghetti', 9000, 1, 0),
(472, 11, 'Smoked Beef Spaghetti.jpg', 'Smoked Beef Spaghetti', 10000, 1, 0),
(473, 11, 'Spicy Shrimp Spaghetti.jpg', 'Spicy Shrimp Spaghetti', 9000, 1, 0),
(474, 11, 'Stir Fried Spaghetti.jpg', 'Stir Fried Spaghetti', 8000, 1, 0),
(475, 11, 'Sweet-Style Corned Beef Spaghetti.jpg', 'Corned Beef Spaghetti', 5500, 1, 0),
(476, 11, 'Tomato Garlic Beef Spaghetti.jpg', 'Tomato Garlic Beef Spaghetti', 10000, 1, 0),
(477, 7, 'Breakfast Sandwich.jpg', 'Breakfast Sandwich', 3000, 1, 0),
(478, 7, 'Chicken Sandwich.jpg', 'Chicken Sandwich', 3500, 1, 0),
(479, 7, 'Ciub Sandwich.jpg', 'Ciub Sandwich', 3000, 1, 0),
(480, 7, 'Coleslaw Sandwic.jpg', 'Coleslaw Sandwich', 3000, 1, 0),
(481, 7, 'Corn Cheese Sandwich.jpg', 'Corn Cheese Sandwich', 3500, 1, 0),
(482, 7, 'Corned Beef Sandwich.jpg', 'Corned Beef Sandwich', 4000, 1, 0),
(483, 7, 'Cream Cheese Sandwich.jpg', 'Cream Cheese Sandwich', 3500, 1, 0),
(484, 7, 'Cropped Italian Sandwich.jpg', 'Cropped Italian Sandwich', 3500, 1, 0),
(485, 7, 'Cucumber Sandwich.jpg', 'Cucumber Sandwich', 4000, 1, 0),
(486, 7, 'Egg Mayo Sandwich.jpg', 'Egg Mayo Sandwich', 3500, 1, 0),
(487, 7, 'Egg Salad Sandwich.jpg', 'Egg Salad Sandwich', 4000, 1, 0),
(488, 7, 'Grilled Cheese Sandwich.jpg', 'Grilled Cheese Sandwich', 4000, 1, 0),
(489, 7, 'Grilled Potato Sandwich.jpg', 'Grilled Potato Sandwich', 3500, 1, 0),
(490, 7, 'Grinder Sandwich.jpg', 'Grinder Sandwich', 3500, 1, 0),
(491, 7, 'Ham Sandwich.jpg', 'Ham Sandwich', 3000, 1, 0),
(492, 7, 'Hoagie Sandwich.jpg', 'Hoagie Sandwich', 4000, 1, 0),
(493, 7, 'Italian Grinder Sandwich.jpg', 'Italian Grinder Sandwich', 5000, 1, 0),
(494, 7, 'Japanese Egg Sandwich.jpg', 'Japanese Egg Sandwich', 5000, 1, 0),
(495, 7, 'Japanese Fruit Sandwich.jpg', 'Japanese Fruit Sandwich', 4000, 1, 0),
(496, 7, 'Mayonnaise Sandwich.jpg', 'Mayonnaise Sandwich', 5000, 1, 0),
(497, 7, 'Peach & Prosciutto Sandwich.jpg', 'Peach & Prosciutto Sandwich', 4000, 1, 0),
(498, 7, 'Strawberry Sandwich.jpg', 'Strawberry Sandwich', 4000, 1, 0),
(499, 7, 'Submarine Sandwich.jpg', 'Submarine Sandwich', 3500, 1, 0),
(500, 7, 'Turkey Sandwich.jpg', 'Turkey Sandwich', 4000, 1, 0),
(501, 7, 'Vegetable Sandwich.jpg', 'Vegetable Sandwich', 3000, 1, 0),
(502, 7, 'Watermelon Sandwich.jpg', 'Watermelon Sandwich', 3500, 1, 0),
(503, 16, 'Air Fried Chicken Burger.jpg', 'Air Fried Chicken Burger', 5000, 1, 0),
(504, 16, 'Avocado Burger.jpg', 'Avocado Burger', 4000, 1, 0),
(505, 16, 'Avocado Chicken Burger.jpg', 'Avocado Chicken Burger', 5000, 1, 0),
(506, 16, 'Barbecue Pork Burger.jpg', 'Barbecue Pork Burger', 7000, 1, 0),
(507, 16, 'BBQ Pulled Pork Burger.jpg', 'BBQ Pulled Pork Burger', 8000, 1, 0),
(508, 16, 'Beef Bulgogi Burger.jpg', 'Beef Bulgogi Burger', 7000, 1, 0),
(509, 16, 'Beef Burger.jpg', 'Beef Burger', 6000, 1, 0),
(510, 16, 'Black & Blue Burger.jpg', 'Black & Blue Burger', 6000, 1, 0),
(511, 16, 'Blue Band Beef Burger.jpg', 'Blue Band Beef Burger', 7000, 1, 0),
(512, 16, 'Buttermilk Chicken Burger.jpg', 'Buttermilk Chicken Burger', 7000, 1, 0),
(513, 16, 'Cajun Chicken Burger.jpg', 'Cajun Chicken Burger', 6000, 1, 0),
(514, 16, 'Chicken Burger.jpg', 'Chicken Burger', 6000, 1, 0),
(515, 16, 'Chipotle Burger.jpg', 'Chipotle Burger', 4000, 1, 0),
(516, 16, 'Classic Beef Burger.jpg', 'Classic Beef Burger', 5000, 1, 0),
(517, 16, 'Crispy Chicken Burger.jpg', 'Crispy Chicken Burger', 6000, 1, 0),
(518, 16, 'Crispy Onion Beef Burger.jpg', 'Crispy Onion Beef Burger', 6000, 1, 0),
(519, 16, 'Cuban-Style Pork Burger.jpg', 'Cuban-Style Pork Burger', 5000, 1, 0),
(520, 16, 'Delicious Beef Burger.jpg', 'Delicious Beef Burger', 7000, 1, 0),
(521, 16, 'Five Spice Chicken Burger.jpg', 'Five Spice Chicken Burger', 8000, 1, 0),
(522, 16, 'Fried Chicken Burger.jpg', 'Fried Chicken Burger', 5000, 1, 0),
(523, 16, 'Gourmet Chicken Burger.jpg', 'Gourmet Chicken Burger', 5000, 1, 0),
(524, 16, 'Grilled Pork Burger.jpg', 'Grilled Pork Burger', 6000, 1, 0),
(525, 16, 'Ground Chicken Burger.jpg', 'Ground Chicken Burger', 5000, 1, 0),
(526, 16, 'Jalapeno PopperChicken Burger.jpg', 'PopperChicken Burger', 6000, 1, 0),
(527, 16, 'Juicy Chicken Burger.jpg', 'Juicy Chicken Burger', 5000, 1, 0),
(528, 16, 'Juicy Ground Pork Burger.jpg', 'Juicy Ground Pork Burger', 6000, 1, 0),
(529, 16, 'Kimchi Pork Burger.jpg', 'Kimchi Pork Burger', 8000, 1, 0),
(530, 16, 'Korean Fried Chicken Burger.jpg', 'Korean Fried Chicken Burger', 8000, 1, 0),
(531, 16, 'Lucques Pork Burger.jpg', 'Lucques Pork Burger', 5000, 1, 0),
(532, 16, 'Maharaja Burger.jpg', 'Maharaja Burger', 5000, 1, 0),
(533, 16, 'Monster Burger.jpg', 'Monster Burger', 5000, 1, 0),
(534, 16, 'Mushroom Swiss Burger.jpg', 'Mushroom Swiss Burger', 6000, 1, 0),
(535, 16, 'Nacho Chicken Burger.jpg', 'Nacho Chicken Burger', 5000, 1, 0),
(536, 16, 'Perfect Basic Burger.jpg', 'Perfect Basic Burger', 6000, 1, 0),
(537, 16, 'Perfect Pork Burger.jpg', 'Perfect Pork Burger', 7000, 1, 0),
(538, 16, 'Pork Burger.jpg', 'Pork Burger', 5000, 1, 0),
(539, 16, 'Smash Burger.jpg', 'Smash Burger', 6000, 1, 0),
(540, 16, 'Smashed Pork Burger.jpg', 'Smashed Pork Burger', 7000, 1, 0),
(541, 16, 'Spicy Beef Burger.jpg', 'Spicy Beef Burger', 7000, 1, 0),
(542, 16, 'Sticky Belly Pork Burger.jpg', 'Sticky Belly Pork Burger', 8000, 1, 0),
(543, 16, 'Turkey Burger.jpg', 'Turkey Burger', 8000, 1, 0),
(544, 16, 'Vegan Burger.jpg', 'Vegan Burger', 6000, 1, 0),
(545, 16, 'Veggie Burger.jpg', 'Veggie Burger', 4000, 1, 0),
(546, 16, 'Wagyu Beef Burger.jpg', 'Wagyu Beef Burger', 7000, 1, 0),
(547, 12, 'Baked Salmon Sushi.jpg', 'Baked Salmon Sushi', 6000, 1, 0),
(548, 12, 'Blue Ribbon Sushi.jpg', 'Blue Ribbon Sushi', 3500, 1, 0),
(549, 12, 'Brown Rice Sushi.jpg', 'Brown Rice Sushi', 6000, 1, 0),
(550, 12, 'Buffalo Chicken Sushi.jpg', 'Buffalo Chicken Sushi', 5000, 1, 0),
(551, 12, 'Chicken & Cheese Sushi.jpg', 'Chicken & Cheese Sushi', 4000, 1, 0),
(552, 12, 'Chicken Sushi.jpg', 'Chicken Sushi', 4000, 1, 0),
(553, 12, 'Crab Sushi Rolls.jpg', 'Crab Sushi Rolls', 5000, 1, 0),
(554, 12, 'Cream Cheese and Crab Sushi.jpg', 'Cream Cheese and Crab Sushi', 6000, 1, 0),
(555, 12, 'Flaming Salmon Sushi.jpg', 'Flaming Salmon Sushi', 5000, 1, 0),
(556, 12, 'Fried Sushi.jpg', 'Fried Sushi', 5000, 1, 0),
(557, 12, 'Inari Sushi.jpg', 'Inari Sushi', 4000, 1, 0),
(558, 12, 'Inside Out Softshell Crab Sushi.jpg', 'Inside Out Softshell Crab Sushi', 4000, 1, 0),
(559, 12, 'Kani Sushi.jpg', 'Kani Sushi', 4000, 1, 0),
(560, 12, 'Masago & Tobiko Sushi.jpg', 'Masago & Tobiko Sushi', 3500, 1, 0),
(561, 12, 'Masago Nigiri Sushi.jpg', 'Masago Nigiri Sushi', 4000, 1, 0),
(562, 12, 'Masago Sushi.jpg', 'Masago Sushi', 4000, 1, 0),
(563, 12, 'Rainbow Sushi.jpg', 'Rainbow Sushi', 3500, 1, 0),
(564, 12, 'Respberry Masago Sushi.jpg', 'Respberry Masago Sushi', 4000, 1, 0),
(565, 12, 'Smoked Salmon Sushi.jpg', 'Smoked Salmon Sushi', 8000, 1, 0),
(566, 12, 'Spicy Tuna Sushi.jpg', 'Spicy Tuna Sushi', 3500, 1, 0),
(567, 12, 'Sushi Platter.jpg', 'Sushi Platter', 4000, 1, 0),
(568, 12, 'Sushi Ran.jpg', 'Sushi Ran', 3500, 1, 0),
(569, 12, 'Temaki Sushi.jpg', 'Temaki Sushi', 4000, 1, 0),
(570, 12, 'Tempura Fried Sushi.jpg', 'Tempura Fried Sushi', 4000, 1, 0),
(571, 12, 'Teriyaki Chicken and Avocado Sushi.jpg', 'Chicken & Avocado Sushi', 4000, 1, 0),
(572, 12, 'Teriyaki Chicken Sushi.jpg', 'Teriyaki Chicken Sushi', 4000, 1, 0),
(573, 12, 'Teriyaki Pork Sushi.jpg', 'Teriyaki Pork Sushi', 5000, 1, 0),
(574, 12, 'Tomago Sushi.jpg', 'Tomago Sushi', 3500, 1, 0),
(575, 12, 'Tuna Sushi.jpg', 'Tuna Sushi', 6000, 1, 0),
(576, 12, 'Union Sushi.jpg', 'Union Sushi', 5000, 1, 0),
(577, 12, 'Uramaki Sushi.jpg', 'Uramaki Sushi', 5000, 1, 0),
(578, 12, 'Yummy Sushi.jpg', 'Yummy Sushi', 3500, 1, 0),
(579, 9, 'Banana Foster Crepes.jpg', 'Banana Foster Crepes', 3000, 1, 0),
(580, 9, 'Black Forest Cupcake.jpg', 'Black Forest Cupcake', 3500, 1, 0),
(581, 9, 'Brownie Pudding.jpg', 'Brownie Pudding', 4000, 1, 0),
(582, 9, 'Brownie.jpg', 'Brownie', 3000, 1, 0),
(583, 9, 'Cherry Delight.jpg', 'Cherry Delight', 4000, 1, 0),
(584, 9, 'Chocolate Chip Cookies.jpg', 'Chocolate Chip Cookies', 3500, 1, 0),
(585, 9, 'Chocolate Cupcake.jpg', 'Chocolate Cupcake', 3500, 1, 0),
(586, 9, 'Chocolate Dessert Crepes.jpg', 'Chocolate Dessert Crepes', 5000, 1, 0),
(587, 9, 'Chocolate Dessert Waffles.jpg', 'Chocolate Dessert Waffles', 6000, 1, 0),
(588, 9, 'Chocolate Mousse.jpg', 'Chocolate Mousse', 4000, 1, 0),
(589, 9, 'Creamy Yogurt Jelly.jpg', 'Creamy Yogurt Jelly', 3500, 1, 0),
(590, 9, 'Crepe Dessert.jpg', 'Crepe Dessert', 4000, 1, 0),
(591, 9, 'Daifuku Mochi.jpg', 'Daifuku Mochi', 5000, 1, 0),
(592, 9, 'Donut.jpg', 'Donut', 2500, 1, 0),
(593, 9, 'Egg Tart.jpg', 'Egg Tart', 3500, 1, 0),
(594, 9, 'Fried Ice-Cream.jpg', 'Fried Ice-Cream', 3000, 1, 0),
(595, 9, 'Frozen Waffles.jpg', 'Frozen Waffles', 5000, 1, 0),
(596, 9, 'Fudge ice-Cream.jpg', 'Fudge ice-Cream', 4000, 1, 0),
(597, 9, 'Green Tea Mochi.jpg', 'Green Tea Mochi', 5000, 1, 0),
(598, 9, 'Healthy Dessert.jpg', 'Healthy Dessert', 5000, 1, 0),
(599, 9, 'Ice Cream Cookie.jpg', 'Ice Cream Cookie', 3500, 1, 0),
(600, 9, 'Layered Chocolate.jpg', 'Layered Chocolate', 3500, 1, 0),
(601, 9, 'Lemon Mousse.jpg', 'Lemon Mousse', 3000, 1, 0),
(602, 9, 'Mango Mochi.jpg', 'Mango Mochi', 3500, 1, 0),
(603, 9, 'Mango Sticky Rice.jpg', 'Mango Sticky Rice', 4000, 1, 0),
(604, 9, 'Molten Chocolate Lava Cake.jpg', 'Molten Chocolate Lava Cake', 6000, 1, 0),
(605, 9, 'Oreo Dessert.jpg', 'Oreo Dessert', 5000, 1, 0),
(606, 9, 'Peach Mochi.jpg', 'Peach Mochi', 4000, 1, 0),
(607, 9, 'Piggy Mochi.jpg', 'Piggy Mochi', 5000, 1, 0),
(608, 9, 'Potluck Dessert.jpg', 'Potluck Dessert', 6000, 1, 0),
(609, 9, 'Pudding.jpg', 'Pudding', 3000, 1, 0),
(610, 9, 'Pumpkin Mochi.jpg', 'Pumpkin Mochi', 5000, 1, 0),
(611, 9, 'Reindeer Cupcakes.jpg', 'Reindeer Cupcakes', 3500, 1, 0),
(612, 9, 'Simple Creme Brulee Dessert.jpg', 'Simple Creme Brulee Dessert', 4000, 1, 0),
(613, 9, 'True Belgian Waffles.jpg', 'True Belgian Waffles', 5000, 1, 0),
(614, 9, 'Waffles.jpg', 'Waffles', 4000, 1, 0),
(615, 8, 'Beef Burritos.jpg', 'Beef Burritos', 3500, 1, 0),
(616, 8, 'Cheese Popcorn.jpg', 'Cheese Popcorn', 3500, 1, 0),
(617, 8, 'Chicken Lollipop.jpg', 'Chicken Lollipop', 4000, 1, 0),
(618, 8, 'Chicken Quesadillas.jpg', 'Chicken Quesadillas', 4000, 1, 0),
(619, 8, 'Egg Roll.jpg', 'Egg Roll', 4000, 1, 0),
(620, 8, 'Fish Stick.jpg', 'Fish Stick', 3500, 1, 0),
(621, 8, 'Hot Dog.jpg', 'Hot Dog', 3500, 1, 0),
(622, 8, 'Korean Egg Roll.jpg', 'Korean Egg Roll', 3000, 1, 0),
(623, 8, 'Korean Fried Chicken.jpg', 'Korean Fried Chicken', 5000, 1, 0),
(624, 8, 'Popcorn.jpg', 'Popcorn', 2500, 1, 0),
(625, 8, 'Potato Chip & Salsa.jpg', 'Potato Chip & Salsa', 3000, 1, 0),
(626, 8, 'Sausage Roll.jpg', 'Sausage Roll', 3500, 1, 0),
(628, 8, 'Spicy Chicken Ball.jpg', 'Spicy Chicken Ball', 4000, 1, 0),
(629, 8, 'Spicy Chicken Fried.jpg', 'Spicy Chicken Fried', 5000, 1, 0),
(630, 8, 'Spicy Chicken Lollipop.jpg', 'Spicy Chicken Lollipop', 5000, 1, 0),
(631, 3, 'fried straw mushroom & corn.jpg', 'Fried Straw Mushroom & Corn', 4000, 1, 0),
(632, 3, 'fried watercress & mushroom.jpg', 'Fried Watercress & Mushroom', 4000, 1, 0),
(633, 3, 'japanese tofu (sweet & sour , hot & sour).jpg', 'Japanese Tofu ', 4500, 1, 0),
(634, 3, 'potato (sweet & sour, hot & spicy).jpg', 'Potato ', 4500, 1, 0),
(635, 3, 'potato kung pao.jpg', 'Potato Kung Pao', 4000, 1, 0),
(636, 3, 'stir fry straw mushrooms.jpg', 'Stir Fry Straw Mushrooms', 4000, 1, 0),
(637, 3, 'tofu (sweet & sour, hot & sour).jpg', 'Tofu ', 5000, 1, 0),
(638, 3, 'tofu kung pao.jpg', 'Tofu Kung Pao', 4000, 1, 0),
(639, 4, 'fried asparagus.jpg', 'Fried Asparagus', 6000, 1, 0),
(640, 4, 'fried cauliflower with egg.jpg', 'Fried Cauliflower Egg', 3500, 1, 0),
(641, 4, 'fried cauliflower.jpg', 'Fried Cauliflower', 3000, 1, 0),
(642, 4, 'fried chinese cabbage.jpg', 'Fried Chinese Cabbage', 2500, 1, 0),
(643, 4, 'fried kailan.jpg', 'Fried Kailan', 3500, 1, 0),
(644, 4, 'fried mixed green.jpg', 'Fried Mixed Green', 3000, 1, 0),
(645, 4, 'fried mushrooms,babycorn & cashew nuts.jpg', 'Fried Mushrooms,Babycorn Cashew ', 5000, 1, 0),
(646, 4, 'fried watercress.jpg', 'Fried Watercress', 3000, 1, 0),
(647, 4, 'taiwan mustard oyster sauce.jpg', 'Taiwan Mustard Oyster Sauce', 4500, 1, 0),
(648, 5, 'chicken feet soup.jpg', 'Chicken Feet Soup', 3500, 1, 0),
(649, 5, 'chinese cabbage and meatball soup with chicken.jpg', 'Chinese Soup Chicken', 4000, 1, 0),
(650, 5, 'chinese cabbage and meatball soup with pork.jpg', 'Chinese Soup Pork', 4000, 1, 0),
(651, 5, 'fish head soup.jpg', 'Fish Head Soup', 3000, 1, 0),
(652, 5, 'fish with lemon soup (seabass).jpg', 'Seabass Lemon Soup ', 4000, 1, 0),
(653, 5, 'fish with lemon soup (sturgeon).jpg', 'SturgeonLemon Soup ', 3500, 1, 0),
(654, 5, 'spicy pork ribs soup.jpg', 'Spicy Pork Ribs Soup', 5000, 1, 0),
(655, 5, 'steamed fish soap (seabass).jpg', 'Steamed Fish Soap (Seabass)', 4000, 1, 0),
(656, 5, 'steamed fish soap (surgon).jpg', 'Steamed Fish Soap (Surgon)', 5000, 1, 0),
(657, 5, 'tomyum soup with pork.jpg', 'Pork Tomyum Soup', 5000, 1, 0),
(659, 5, 'white pumpkin soup with chicken.jpg', 'Chicken Pumpkin Soup ', 3500, 1, 0),
(660, 5, 'white pumpkin soup with pork.jpg', 'Pork Pumpkin Soup', 4000, 1, 0),
(661, 17, 'keema.jpg', 'Chicken Keema', 2000, 1, 0),
(662, 17, 'mohinga.jpg', 'mohinga', 1500, 1, 0),
(1084, 17, 'mohthoke.jpg', 'MohingaThoke', 2000, 1, 0),
(1085, 17, 'myee.jpg', 'Myee Shay', 3500, 1, 0),
(1086, 17, 'nangyi.jpg', 'Nangyi Thoke', 2500, 1, 0),
(1087, 17, 'nanpyar.jpg', 'Nann Pyar', 1500, 1, 0),
(1088, 17, 'nanpyarthoke.jpg', 'Nanpyar Thoke', 2500, 1, 0),
(1089, 17, 'oilnoddle.jpg', 'Oil Noodles', 2000, 1, 0),
(1090, 17, 'parata.jpg', 'Bean Parata', 1800, 1, 0),
(1091, 17, 'samosa.jpg', 'Samosa', 1500, 1, 0),
(1092, 17, 'shan.jpg', 'Shan Noodles', 2500, 1, 0),
(1093, 17, 'beanrice.jpg', 'Bean Rice', 1500, 1, 0),
(1094, 17, 'ekywarkwai.jpg', 'E Kywar Kwai', 1000, 1, 0),
(1095, 17, 'roti.jpg', 'Roti Chenai', 2000, 1, 0);

-- --------------------------------------------------------

--
-- Table structure for table `food_category`
--

CREATE TABLE `food_category` (
  `f_id` int(30) NOT NULL,
  `category_name` text DEFAULT NULL,
  `status` tinyint(1) NOT NULL DEFAULT 1,
  `delete_flag` tinyint(1) NOT NULL DEFAULT 0,
  `category_image` varchar(100) NOT NULL
) ENGINE=InnoDB DEFAULT CHARSET=utf8 COLLATE=utf8_general_ci;

--
-- Dumping data for table `food_category`
--

INSERT INTO `food_category` (`f_id`, `category_name`, `status`, `delete_flag`, `category_image`) VALUES
(1, 'Drink', 1, 0, 'mango.jpg'),
(2, 'Appetizers', 1, 0, 'chicken satay.jpg'),
(3, 'Vegetarian Dishes', 1, 0, 'VD.jpg'),
(4, 'Fried Vegetables', 1, 0, 'fried kailan.jpg'),
(5, 'Soups', 1, 0, 'fish head soup.jpg'),
(6, 'Fried Rice', 1, 0, 'Thai Fired Rice 1.jpg'),
(7, 'Sandwich', 1, 0, 'Ciub Sandwich.jpg'),
(8, 'Snack', 1, 0, 'Popcorn.jpg'),
(9, 'Desserts', 1, 0, 'Brownie.jpg'),
(10, 'Mashed', 1, 0, 'MG.jpg'),
(11, 'Spaghetti', 1, 0, 'Spaghetti.jpg'),
(12, 'Sushi', 1, 0, 'Sushi.jpg'),
(13, 'Pizza', 1, 0, 'Pizza.jpg'),
(14, 'Dim Sum', 1, 0, 'Dim Sum.jpg'),
(15, 'Coffee', 1, 0, 'Coffee.jpg'),
(16, 'Burger', 1, 0, 'Pork Burger.jpg'),
(17, 'Breakfast', 1, 0, 'nangyi.jpg');

-- --------------------------------------------------------

--
-- Table structure for table `inventory`
--

CREATE TABLE `inventory` (
  `item_id` int(11) NOT NULL,
  `item_name` varchar(100) NOT NULL,
  `unit_price` int(11) NOT NULL,
  `inhand_qty` decimal(5,2) NOT NULL
) ENGINE=InnoDB DEFAULT CHARSET=utf8 COLLATE=utf8_general_ci;

--
-- Dumping data for table `inventory`
--

INSERT INTO `inventory` (`item_id`, `item_name`, `unit_price`, `inhand_qty`) VALUES
(2, 'Rice', 190000, 112.55),
(3, 'Sunflower Oil', 16000, 268.00),
(4, 'Salt', 1000, 31.70),
(5, 'Sweet Powder', 5000, 16.10),
(6, 'Turmeric Powder', 6000, -7.00),
(7, 'Curry Powder', 3000, 4.00),
(9, 'Fish Sauce', 5000, 10.00),
(10, 'Soy Sauce', 3000, 15.00),
(11, 'Snail Oil', 3500, 10.00),
(12, 'Onion', 2500, 17.00),
(13, 'Sugar', 10000, 7.50),
(14, 'Baking Soda', 2000, 2.00),
(15, 'Tomato', 6000, 3.00),
(16, 'Salad', 1000, 3.00),
(17, 'Cucumber', 500, 1.00),
(18, 'Carrot', 10000, 0.50),
(19, 'Potato', 4000, 2.00),
(20, 'Pumpkin', 2000, 1.00),
(21, 'Chicken Sausage', 10000, 1.00),
(22, 'Pork Sausage', 5000, 6.00),
(23, 'Sauce', 5000, 2.00),
(24, 'Cheese', 5000, 5.00),
(25, 'Butter', 7000, 9.00),
(26, 'Corn', 2000, 2.00),
(27, 'Baby Corn', 5000, 0.00),
(28, 'Parsley', 1000, 5.00),
(29, 'Chilli', 5000, 0.50),
(31, 'Needle Mushroom', 4000, 4.00),
(32, 'Mushroom', 3000, 2.00),
(33, 'Pepper', 1000, 8.00),
(34, 'Leek', 1000, 0.00),
(35, 'Cabbage', 3000, 5.00),
(36, 'Tofu', 3000, 1.00),
(37, 'Algae Sheet', 20000, 1.00),
(38, 'Honey', 5000, 5.00),
(39, 'Tempura', 12000, 5.00),
(40, 'Bread', 3000, 5.00),
(41, 'Chinese Cabbage', 1000, 2.00),
(42, 'Kai Lan', 1500, 0.00),
(43, 'Buu Ywat', 3000, 2.00),
(44, 'Cauli Flower', 3000, 1.00),
(45, 'Asparagus', 1500, 1.00),
(46, 'Vinegar', 2500, 3.50),
(47, 'Chilli Powder', 15000, 4.00),
(48, 'Papaya', 1000, 3.00),
(49, 'Munhphat', 2500, 0.00),
(50, 'Pasta', 10000, 8.00),
(51, 'Noodle', 2000, 0.00),
(52, 'Dried Grapes', 5000, 5.00),
(53, 'Ground Nut', 9500, 2.50),
(54, 'Chicken', 16000, 0.00),
(55, 'Pork', 17000, 0.00),
(56, 'Condensed milk', 2500, 14.00),
(57, 'Tomyum', 1000, 18.00),
(58, 'Coffee', 20000, 1.75),
(59, 'Dried Shrimp', 2000, 8.00),
(60, 'Cinnamon', 5000, 5.00),
(61, 'Lime', 200, 4.00),
(62, 'Lemongrass', 1000, 1.00),
(63, 'Water', 800, 110.00),
(64, 'Avocado', 800, 40.00),
(65, 'Orange', 10000, 8.00),
(66, 'Pineapple', 3500, 1.00),
(67, 'Grape', 20000, 2.50),
(68, 'Kiwi', 3000, 0.00),
(69, 'Strawberry', 3500, 9.90),
(70, 'Apple', 800, 4.00),
(71, 'Mango', 500, 6.00),
(72, 'Jelly', 2000, 0.00),
(73, 'Wafer', 2000, 4.00),
(74, 'Yogurt', 5000, 6.00),
(75, 'Egg', 350, 122.00),
(78, 'Octopus', 30000, 0.00),
(80, 'Cashew Nuts', 8000, 4.00),
(81, 'Fish', 5000, 9.00),
(84, 'Bean', 5000, 2.00),
(85, 'Squid', 20000, -0.50),
(86, 'Beef', 16000, 0.00),
(87, 'Ham', 0, 0.00),
(88, 'Monosex', 25000, 3.50),
(89, 'Chocolate', 10000, 5.00),
(91, 'Prawn', 25000, 0.00),
(92, 'Nann Pyar', 3500, 1.00);

-- --------------------------------------------------------

--
-- Table structure for table `inventory_use`
--

CREATE TABLE `inventory_use` (
  `inventory_id` int(11) NOT NULL,
  `item_id` int(11) NOT NULL,
  `buy_qty` decimal(5,2) NOT NULL,
  `use_qty` decimal(5,2) NOT NULL,
  `qty_date` date NOT NULL
) ENGINE=InnoDB DEFAULT CHARSET=utf8 COLLATE=utf8_general_ci;

--
-- Dumping data for table `inventory_use`
--

INSERT INTO `inventory_use` (`inventory_id`, `item_id`, `buy_qty`, `use_qty`, `qty_date`) VALUES
(1, 2, 10.00, 6.30, '2024-07-01'),
(2, 3, 10.00, 6.00, '2024-07-01'),
(3, 3, 15.00, 6.00, '2024-07-01'),
(4, 4, 10.00, 6.10, '2024-07-01'),
(5, 5, 5.00, 5.10, '2024-07-01'),
(6, 6, 5.00, 1.00, '2024-07-01'),
(7, 7, 5.00, 0.00, '2024-07-01'),
(8, 8, 1.00, 0.00, '2024-07-01'),
(9, 9, 10.00, 1.25, '2024-07-01'),
(10, 10, 20.00, 2.00, '2024-07-01'),
(11, 11, 20.00, 3.00, '2024-07-01'),
(12, 12, 20.00, 0.50, '2024-07-01'),
(15, 13, 10.00, 0.50, '2024-07-01'),
(16, 14, 5.00, 0.05, '2024-07-01'),
(17, 15, 1.00, 1.00, '2024-07-01'),
(18, 16, 5.00, 2.00, '2024-07-01'),
(19, 17, 5.00, 5.00, '2024-07-01'),
(20, 18, 5.00, 4.00, '2024-07-01'),
(21, 19, 10.00, 6.50, '2024-07-01'),
(22, 20, 1.00, 0.00, '2024-07-01'),
(23, 21, 0.00, 0.00, '2024-07-01'),
(24, 22, 0.00, 0.00, '2024-07-01'),
(25, 23, 5.00, 1.00, '2024-07-01'),
(26, 24, 10.00, 2.00, '2024-07-01'),
(27, 25, 20.00, 6.00, '2024-07-01'),
(28, 26, 5.00, 2.00, '2024-07-01'),
(29, 27, 0.00, 0.00, '2024-07-01'),
(30, 28, 5.00, 4.00, '2024-07-01'),
(31, 29, 3.00, 2.00, '2024-07-01'),
(32, 30, 2.00, 2.00, '2024-07-01'),
(33, 31, 8.00, 5.00, '2024-07-01'),
(34, 32, 5.00, 2.00, '2024-07-01'),
(35, 33, 10.00, 1.00, '2024-07-01'),
(36, 34, 10.00, 8.00, '2024-07-01'),
(37, 35, 2.00, 1.00, '2024-07-01'),
(38, 36, 0.00, 0.00, '2024-07-01'),
(39, 37, 5.00, 2.00, '2024-07-01'),
(40, 38, 2.00, 0.50, '2024-07-01'),
(41, 39, 5.00, 2.00, '2024-07-01'),
(42, 40, 20.00, 12.00, '2024-07-01'),
(43, 41, 5.00, 3.00, '2024-07-01'),
(44, 42, 20.00, 15.00, '2024-07-01'),
(45, 43, 0.00, 0.00, '2024-07-01'),
(46, 44, 10.00, 8.00, '2024-07-01'),
(47, 45, 0.00, 0.00, '2024-07-01'),
(48, 46, 5.00, 1.00, '2024-07-01'),
(49, 47, 5.00, 0.50, '2024-07-01'),
(50, 48, 10.00, 8.00, '2024-07-01'),
(51, 49, 2.00, 2.00, '2024-07-01'),
(52, 50, 0.00, 0.00, '2024-07-01'),
(53, 51, 10.00, 6.00, '2024-07-01'),
(54, 52, 10.00, 5.00, '2024-07-01'),
(55, 53, 0.00, 0.00, '2024-07-01'),
(56, 54, 5.00, 5.00, '2024-07-01'),
(57, 55, 3.00, 2.00, '2024-07-01'),
(58, 56, 25.00, 5.00, '2024-07-01'),
(59, 57, 20.00, 1.00, '2024-07-01'),
(60, 58, 7.00, 4.00, '2024-07-01'),
(61, 59, 0.00, 0.00, '2024-07-01'),
(62, 60, 5.00, 0.00, '2024-07-01'),
(63, 61, 30.00, 25.00, '2024-07-01'),
(64, 62, 5.00, 3.00, '2024-07-01'),
(65, 63, 50.00, 50.00, '2024-07-01'),
(66, 64, 20.00, 19.00, '2024-07-01'),
(67, 65, 5.00, 4.00, '2024-07-01'),
(68, 66, 10.00, 8.00, '2024-07-01'),
(69, 67, 5.00, 3.00, '2024-07-01'),
(70, 68, 5.00, 4.00, '2024-07-01'),
(71, 69, 10.00, 9.00, '2024-07-01'),
(72, 70, 10.00, 5.00, '2024-07-01'),
(73, 71, 10.00, 9.00, '2024-07-01'),
(74, 72, 5.00, 4.00, '2024-07-01'),
(75, 73, 10.00, 5.00, '2024-07-01'),
(76, 74, 10.00, 4.00, '2024-07-01'),
(77, 75, 200.00, 100.00, '2024-07-01'),
(78, 76, 1.00, 1.00, '2024-07-01'),
(79, 77, 5.00, 5.00, '2024-07-01'),
(80, 78, 2.00, 2.00, '2024-07-01'),
(81, 79, 10.00, 2.00, '2024-07-01'),
(82, 80, 10.00, 5.00, '2024-07-01'),
(83, 75, 0.00, 10.00, '2024-07-01'),
(84, 3, 0.00, 2.00, '2024-07-01'),
(85, 3, 0.00, 2.00, '2024-07-01'),
(86, 3, 0.00, 2.00, '2024-07-01'),
(87, 80, 0.00, 3.00, '2024-07-01'),
(88, 80, 0.00, 3.00, '2024-07-01'),
(89, 80, 0.00, 3.00, '2024-07-01'),
(90, 80, 0.00, 3.00, '2024-07-01'),
(91, 80, 0.00, 3.00, '2024-07-01'),
(92, 80, 0.00, 3.00, '2024-07-01'),
(93, 80, 10.00, 2.00, '2024-07-01'),
(94, 80, 0.00, 3.00, '2024-07-01'),
(95, 80, 0.00, 3.00, '2024-07-01'),
(96, 80, 10.00, 2.00, '2024-07-01'),
(97, 80, 5.00, 2.00, '2024-07-01'),
(98, 2, 1.00, 5.30, '2024-07-01'),
(99, 2, 1.00, 5.30, '2024-07-01'),
(100, 2, 1.00, 5.30, '2024-07-01'),
(101, 2, 2.00, 5.30, '2024-07-01'),
(102, 2, 2.00, 5.30, '2024-07-01'),
(116, 3, 0.00, 2.00, '2024-07-01'),
(117, 3, 0.00, 6.00, '2024-07-01'),
(118, 4, 1.00, 0.10, '2024-07-01'),
(119, 4, 0.00, 2.10, '2024-07-01'),
(120, 6, 0.00, 3.00, '2024-07-01'),
(121, 6, 5.00, 1.00, '2024-07-01'),
(122, 3, 5.00, 1.00, '2024-07-01'),
(123, 3, 0.00, 6.00, '2024-07-01'),
(124, 2, 0.00, 10.30, '2024-07-01'),
(125, 2, 5.00, 0.30, '2024-07-01'),
(126, 2, 0.00, 1.30, '2024-07-01'),
(127, 3, 15.00, 9.00, '2024-07-01'),
(129, 5, 10.00, 5.10, '2024-07-01'),
(130, 2, 15.00, 6.30, '2024-07-01'),
(131, 2, 2.00, 3.30, '2024-07-01'),
(132, 7, 2.00, 0.00, '2024-07-01'),
(133, 7, 17.00, 2.00, '2024-07-01'),
(134, 16, 15.00, 5.00, '2024-07-01'),
(135, 18, 10.00, 9.00, '2024-07-01'),
(136, 81, 0.00, 0.00, '2024-07-01'),
(137, 67, 0.50, 0.10, '2024-07-01'),
(138, 82, 0.00, 0.00, '2024-07-01'),
(139, 83, 0.00, 0.00, '2024-07-01'),
(140, 84, 0.00, 0.00, '2024-07-01'),
(141, 85, 0.00, 0.00, '2024-07-01'),
(142, 59, 10.00, 2.00, '2024-07-01'),
(143, 3, 0.00, 2.00, '2024-07-01'),
(144, 4, 10.00, 3.50, '2024-07-02'),
(145, 4, 0.00, 10.50, '2024-07-02'),
(146, 2, 3.00, 1.50, '2024-07-02'),
(147, 3, 0.00, 3.00, '2024-07-02'),
(148, 8, 2.00, 1.00, '2024-07-02'),
(149, 8, 2.00, 2.50, '2024-07-31'),
(150, 19, 0.00, 1.00, '2024-07-02'),
(151, 58, 0.00, 1.00, '2024-07-02'),
(152, 15, 2.00, 0.00, '2024-07-02'),
(153, 39, 0.00, 1.00, '2024-07-02'),
(154, 62, 0.00, 1.00, '2024-07-02'),
(155, 55, 2.00, 1.00, '2024-07-02'),
(156, 68, 3.00, 1.00, '2024-07-02'),
(157, 72, 0.00, 1.00, '2024-07-02'),
(158, 80, 0.00, 1.00, '2024-07-02'),
(159, 81, 10.00, 1.00, '2024-07-02'),
(160, 7, 0.00, 0.25, '2024-07-02'),
(161, 25, 0.00, 0.50, '2024-07-02'),
(162, 40, 0.00, 2.00, '2024-07-02'),
(163, 36, 5.00, 1.00, '2024-07-02'),
(164, 54, 5.00, 2.00, '2024-07-02'),
(165, 39, 0.00, 2.00, '2024-07-03'),
(166, 48, 0.00, 1.00, '2024-07-03'),
(167, 21, 5.00, 2.00, '2024-07-03'),
(168, 64, 10.00, 9.00, '2024-07-03'),
(169, 3, 5.00, 2.00, '2024-07-04'),
(170, 12, 0.00, 0.50, '2024-07-04'),
(171, 15, 0.00, 1.00, '2024-07-04'),
(172, 13, 0.00, 0.50, '2024-07-04'),
(173, 16, 0.00, 3.00, '2024-07-04'),
(174, 22, 5.00, 5.00, '2024-07-04'),
(175, 24, 0.00, 2.00, '2024-07-04'),
(176, 32, 0.00, 3.00, '2024-07-04'),
(177, 39, 10.00, 3.00, '2024-07-04'),
(178, 31, 0.00, 3.00, '2024-07-04'),
(179, 26, 0.00, 3.00, '2024-07-04'),
(180, 82, 0.00, 0.00, '2024-07-05'),
(181, 83, 0.00, 0.00, '2024-07-05'),
(182, 69, 10.00, 3.00, '2024-07-05'),
(183, 15, 0.00, 1.00, '2024-07-05'),
(184, 16, 10.00, 5.00, '2024-07-05'),
(185, 46, 0.00, 0.50, '2024-07-05'),
(186, 40, 0.00, 5.00, '2024-07-05'),
(187, 61, 0.00, 3.00, '2024-07-05'),
(188, 64, 0.00, 2.00, '2024-07-05'),
(315, 84, 5.00, 0.50, '2024-07-05'),
(316, 40, 0.00, 1.00, '2024-07-06'),
(317, 13, 0.00, 0.75, '2024-07-06'),
(318, 54, 0.00, 0.25, '2024-07-06'),
(319, 29, 0.00, 0.25, '2024-07-06'),
(320, 38, 0.00, 0.50, '2024-07-06'),
(321, 77, 5.00, 0.50, '2024-07-06'),
(322, 85, 1.00, 0.50, '2024-07-06'),
(323, 69, 0.00, 1.00, '2024-07-06'),
(324, 61, 20.00, 3.00, '2024-07-06'),
(325, 56, 0.00, 1.00, '2024-07-06'),
(326, 86, 1.00, 0.50, '2024-07-06'),
(327, 3, 0.00, 1.00, '2024-07-06'),
(328, 4, 0.00, 0.40, '2024-07-06'),
(329, 87, 0.00, 0.00, '2024-07-07'),
(330, 88, 5.00, 1.00, '2024-07-07'),
(331, 39, 0.00, 0.50, '2024-07-07'),
(332, 27, 0.00, 1.00, '2024-07-07'),
(333, 19, 0.00, 1.00, '2024-07-07'),
(334, 35, 10.00, 3.00, '2024-07-07'),
(335, 40, 5.00, 1.00, '2024-07-07'),
(336, 65, 0.00, 1.00, '2024-07-07'),
(337, 43, 10.00, 10.00, '2024-07-07'),
(338, 19, 5.00, 0.50, '2024-07-08'),
(339, 57, 0.00, 1.00, '2024-07-08'),
(340, 68, 10.00, 1.00, '2024-07-08'),
(341, 40, 5.00, 1.00, '2024-07-08'),
(342, 69, 0.00, 0.10, '2024-07-08'),
(343, 73, 0.00, 1.00, '2024-07-08'),
(344, 89, 5.00, 1.00, '2024-07-08'),
(345, 48, 5.00, 1.00, '2024-07-08'),
(346, 11, 0.00, 1.00, '2024-07-08'),
(347, 17, 5.00, 1.00, '2024-07-08'),
(348, 23, 0.00, 1.00, '2024-07-08'),
(349, 29, 0.00, 0.25, '2024-07-08'),
(350, 32, 10.00, 1.00, '2024-07-08'),
(351, 20, 5.00, 1.00, '2024-07-08'),
(352, 55, 0.00, 0.50, '2024-07-08'),
(353, 2, 0.00, 0.30, '2024-07-08'),
(354, 50, 10.00, 1.00, '2024-07-08'),
(355, 12, 0.00, 1.00, '2024-07-09'),
(356, 18, 0.00, 1.00, '2024-07-09'),
(357, 13, 0.00, 0.50, '2024-07-09'),
(358, 21, 0.00, 1.00, '2024-07-09'),
(359, 50, 0.00, 1.00, '2024-07-09'),
(360, 26, 10.00, 2.00, '2024-07-09'),
(361, 35, 0.00, 1.00, '2024-07-09'),
(362, 64, 50.00, 10.00, '2024-07-09'),
(363, 31, 10.00, 2.00, '2024-07-09'),
(364, 55, 0.00, 0.50, '2024-07-09'),
(365, 86, 2.00, 1.00, '2024-07-09'),
(366, 16, 10.00, 5.00, '2024-07-09'),
(367, 63, 100.00, 40.00, '2024-07-09'),
(368, 44, 0.00, 1.00, '2024-07-09'),
(369, 70, 0.00, 2.00, '2024-07-09'),
(370, 65, 10.00, 2.00, '2024-07-09'),
(371, 14, 0.00, 0.50, '2024-07-10'),
(372, 15, 10.00, 3.00, '2024-07-10'),
(373, 2, 0.00, 0.30, '2024-07-10'),
(374, 36, 0.00, 3.00, '2024-07-10'),
(375, 40, 0.00, 5.00, '2024-07-10'),
(376, 51, 0.00, 4.00, '2024-07-10'),
(377, 63, 0.00, 10.00, '2024-07-10'),
(378, 75, 50.00, 20.00, '2024-07-10'),
(379, 71, 10.00, 5.00, '2024-07-10'),
(380, 2, 0.00, 0.60, '2024-07-11'),
(381, 3, 0.00, 1.00, '2024-07-11'),
(382, 4, 0.00, 0.25, '2024-07-11'),
(383, 8, 0.00, 1.00, '2024-07-11'),
(384, 17, 10.00, 5.00, '2024-07-11'),
(385, 26, 0.00, 5.00, '2024-07-11'),
(386, 39, 0.00, 1.00, '2024-07-11'),
(387, 3, 0.00, 1.00, '2024-07-12'),
(388, 77, 0.00, 1.00, '2024-07-12'),
(389, 40, 10.00, 3.00, '2024-07-12'),
(390, 77, 0.00, 1.00, '2024-07-13'),
(391, 2, 0.00, 1.00, '2024-07-13'),
(392, 21, 0.00, 1.00, '2024-07-14'),
(393, 19, 0.00, 2.00, '2024-07-14'),
(394, 25, 0.00, 1.00, '2024-07-14'),
(395, 8, 0.00, 0.50, '2024-07-15'),
(396, 19, 0.00, 4.00, '2024-07-15'),
(397, 51, 10.00, 7.00, '2024-07-15'),
(398, 17, 0.00, 3.00, '2024-07-16'),
(399, 20, 0.00, 2.00, '2024-07-16'),
(400, 34, 0.00, 2.00, '2024-07-16'),
(401, 43, 5.00, 2.00, '2024-07-16'),
(402, 48, 0.00, 4.00, '2024-07-16'),
(403, 63, 100.00, 20.00, '2024-07-16'),
(404, 77, 5.00, 0.00, '2024-08-01'),
(405, 2, 10.00, 5.00, '2024-07-17'),
(406, 3, 0.00, 5.00, '2024-07-17'),
(407, 2, 0.00, 3.00, '2024-07-18'),
(408, 3, 0.00, 5.00, '2024-07-18'),
(409, 13, 0.00, 2.00, '2024-07-18'),
(410, 22, 10.00, 2.00, '2024-07-18'),
(411, 25, 0.00, 0.50, '2024-07-18'),
(412, 69, 10.00, 7.00, '2024-07-18'),
(413, 49, 5.00, 5.00, '2024-07-18'),
(414, 51, 0.00, 3.00, '2024-07-19'),
(415, 32, 0.00, 2.00, '2024-07-19'),
(416, 19, 4.00, 2.00, '2024-07-19'),
(417, 2, 0.00, 0.50, '2024-07-19'),
(418, 18, 2.00, 1.00, '2024-07-19'),
(419, 24, 0.00, 2.00, '2024-07-19'),
(420, 35, 0.00, 1.00, '2024-07-19'),
(421, 48, 5.00, 3.00, '2024-07-19'),
(422, 16, 0.00, 2.00, '2024-07-19'),
(423, 5, 0.00, 0.90, '2024-07-19'),
(424, 13, 0.00, 0.25, '2024-07-19'),
(425, 49, 4.00, 4.00, '2024-07-19'),
(426, 6, 0.00, 1.00, '2024-07-19'),
(427, 58, 0.00, 0.25, '2024-07-19'),
(428, 75, 0.00, 8.00, '2024-07-19'),
(429, 68, 0.00, 7.00, '2024-07-19'),
(430, 85, 0.00, 0.50, '2024-07-19'),
(431, 3, 10.00, 2.00, '2024-07-19'),
(432, 8, 2.00, 0.25, '2024-07-19'),
(433, 56, 0.00, 5.00, '2024-07-19'),
(434, 54, 0.00, 1.75, '2024-07-19'),
(435, 47, 0.00, 0.50, '2024-07-19'),
(436, 89, 0.00, 1.00, '2024-07-19'),
(437, 37, 0.00, 1.00, '2024-07-19'),
(438, 7, 0.00, 0.75, '2024-07-19'),
(439, 23, 0.00, 1.00, '2024-07-19'),
(440, 63, 0.00, 20.00, '2024-07-19'),
(441, 70, 10.00, 9.00, '2024-07-19'),
(442, 90, 0.00, 0.00, '2024-07-19'),
(443, 91, 2.00, 2.00, '2024-07-19'),
(444, 84, 0.00, 1.50, '2024-07-20'),
(445, 42, 0.00, 5.00, '2024-07-20'),
(446, 27, 0.00, 3.00, '2024-07-20'),
(447, 22, 0.00, 2.00, '2024-07-20'),
(448, 86, 0.00, 1.00, '2024-07-20'),
(449, 55, 0.00, 1.00, '2024-07-20'),
(450, 92, 5.00, 5.00, '2024-07-20'),
(451, 19, 0.00, 2.00, '2024-07-20'),
(452, 5, 0.00, 1.00, '2024-07-20'),
(453, 15, 0.00, 3.00, '2024-07-20'),
(454, 11, 0.00, 4.00, '2024-07-20'),
(455, 39, 0.00, 0.50, '2024-07-20'),
(456, 32, 0.00, 5.00, '2024-07-20'),
(457, 54, 1.00, 2.00, '2024-07-20'),
(458, 40, 0.00, 5.00, '2024-07-20'),
(459, 18, 0.00, 1.00, '2024-07-20'),
(460, 3, 0.00, 2.00, '2024-07-20'),
(461, 49, 5.00, 5.00, '2024-07-20'),
(462, 51, 5.00, 5.00, '2024-07-20'),
(463, 34, 2.00, 2.00, '2024-07-20'),
(464, 13, 0.00, 0.50, '2024-07-20'),
(465, 68, 0.00, 5.00, '2024-07-20'),
(466, 61, 0.00, 15.00, '2024-07-20'),
(467, 2, 20.00, 5.50, '2024-07-20'),
(468, 2, 0.00, 5.00, '2024-07-21'),
(469, 3, 0.00, 3.00, '2024-07-21'),
(470, 91, 3.00, 3.00, '2024-07-21'),
(471, 2, 0.00, 3.00, '2024-07-22'),
(472, 2, 0.00, 1.50, '2024-07-23'),
(473, 3, 0.00, 1.50, '2024-07-23'),
(474, 91, 2.00, 2.00, '2024-07-23'),
(475, 2, 1.25, 1.25, '2024-07-24'),
(476, 3, 0.00, 2.00, '2024-07-24'),
(477, 54, 3.00, 3.00, '2024-07-24'),
(478, 2, 0.00, 1.50, '2024-07-25'),
(479, 3, 5.00, 3.00, '2024-07-25'),
(480, 9, 0.00, 2.00, '2024-07-25'),
(481, 18, 2.00, 2.00, '2024-07-25'),
(482, 2, 0.00, 1.00, '2024-07-26'),
(483, 3, 10.00, 2.00, '2024-07-26'),
(484, 9, 0.00, 0.75, '2024-07-26'),
(485, 10, 0.00, 5.00, '2024-07-26'),
(486, 25, 0.00, 3.00, '2024-07-26'),
(487, 51, 5.00, 5.00, '2024-07-26'),
(488, 54, 2.00, 2.00, '2024-07-26'),
(489, 91, 2.00, 2.00, '2024-07-26'),
(490, 2, 1.50, 1.50, '2024-07-27'),
(491, 3, 0.00, 2.50, '2024-07-27'),
(492, 18, 1.00, 1.00, '2024-07-27'),
(493, 31, 0.00, 4.00, '2024-07-27'),
(494, 2, 0.00, 2.50, '2024-07-28'),
(495, 3, 0.00, 4.00, '2024-07-28'),
(496, 13, 5.00, 2.00, '2024-07-28'),
(497, 2, 2.00, 4.00, '2024-07-29'),
(498, 2, 0.00, 1.50, '2024-07-30'),
(499, 91, 2.00, 2.00, '2024-07-30'),
(500, 14, 0.00, 2.00, '2024-07-30'),
(501, 2, 0.00, 2.00, '2024-07-31'),
(502, 37, 0.00, 1.00, '2024-07-28'),
(503, 24, 5.00, 4.00, '2024-07-28'),
(504, 2, 0.00, 0.50, '2024-08-01'),
(505, 3, 10.00, 3.00, '2024-08-01'),
(506, 4, 10.00, 5.75, '2024-08-01'),
(507, 5, 5.00, 2.00, '2024-08-01'),
(508, 6, 0.00, 1.00, '2024-08-01'),
(509, 7, 0.00, 1.00, '2024-08-01'),
(510, 9, 0.00, 1.00, '2024-08-01'),
(511, 10, 0.00, 1.00, '2024-08-01'),
(512, 11, 0.00, 1.00, '2024-08-01'),
(513, 12, 0.00, 1.00, '2024-08-01'),
(514, 13, 0.00, 0.50, '2024-08-01'),
(515, 14, 0.00, 0.45, '2024-08-01'),
(516, 15, 0.00, 1.00, '2024-08-01'),
(517, 16, 0.00, 5.00, '2024-08-01'),
(518, 17, 0.00, 5.00, '2024-08-01'),
(519, 18, 1.00, 0.50, '2024-08-01'),
(520, 19, 5.00, 3.00, '2024-08-01'),
(521, 20, 0.00, 2.00, '2024-08-01'),
(522, 92, 2.00, 1.00, '2024-08-01'),
(523, 26, 0.00, 1.00, '2024-08-01'),
(524, 91, 1.00, 1.00, '2024-08-01'),
(525, 89, 3.00, 1.00, '2024-08-01'),
(526, 88, 0.00, 0.50, '2024-08-01'),
(527, 86, 0.00, 0.50, '2024-08-01'),
(528, 85, 0.00, 0.50, '2024-08-01'),
(529, 84, 0.00, 1.00, '2024-08-01'),
(530, 28, 5.00, 1.00, '2024-08-01'),
(531, 27, 1.00, 1.00, '2024-08-01'),
(532, 43, 0.00, 1.00, '2024-08-01'),
(533, 35, 0.00, 1.00, '2024-08-01'),
(534, 45, 2.00, 1.00, '2024-08-01'),
(535, 33, 0.00, 1.00, '2024-08-01'),
(536, 38, 5.00, 1.00, '2024-08-01'),
(537, 66, 0.00, 1.00, '2024-08-01'),
(538, 53, 3.00, 0.50, '2024-08-01'),
(539, 67, 1.00, 0.50, '2024-08-01'),
(540, 2, 0.00, 12.00, '2024-08-17'),
(541, 4, 0.00, 3.00, '2024-08-17'),
(542, 5, 0.00, 3.00, '2024-08-17'),
(543, 6, 0.00, 1.00, '2024-08-17'),
(544, 7, 1.00, 1.00, '2024-08-17'),
(545, 9, 5.00, 5.00, '2024-08-17'),
(546, 10, 5.00, 5.00, '2024-08-17'),
(547, 11, 5.00, 5.00, '2024-08-17'),
(548, 2, 0.00, 2.00, '2024-08-19'),
(549, 4, 1.00, 1.00, '2024-08-19'),
(550, 5, 2.00, 2.00, '2024-08-19'),
(551, 93, 0.00, 0.00, '2024-08-22'),
(552, 2, 1.00, 1.00, '2024-09-02'),
(553, 4, 1.00, 1.00, '2024-09-04'),
(554, 2, 3.00, 3.00, '2024-09-06');

-- --------------------------------------------------------

--
-- Table structure for table `payroll`
--

CREATE TABLE `payroll` (
  `pid` int(11) NOT NULL,
  `salary` decimal(10,2) DEFAULT NULL,
  `pay_date` date DEFAULT NULL
) ENGINE=InnoDB DEFAULT CHARSET=utf8 COLLATE=utf8_general_ci;

--
-- Dumping data for table `payroll`
--

INSERT INTO `payroll` (`pid`, `salary`, `pay_date`) VALUES
(5, 1075000.00, '2024-09-06');

-- --------------------------------------------------------

--
-- Table structure for table `reservations`
--

CREATE TABLE `reservations` (
  `id` int(11) NOT NULL,
  `name` varchar(100) NOT NULL,
  `email` varchar(100) NOT NULL,
  `phone` varchar(20) NOT NULL,
  `num_guests` int(11) NOT NULL,
  `reservation_date` date NOT NULL,
  `reservation_time` time NOT NULL,
  `special_requests` text DEFAULT NULL,
  `pre_choose` enum('yes','no') NOT NULL DEFAULT 'no',
  `reserve_status` enum('pending','confirmed','completed') NOT NULL DEFAULT 'pending',
  `assigned` tinyint(4) NOT NULL DEFAULT 0,
  `created_at` timestamp NOT NULL DEFAULT current_timestamp()
) ENGINE=InnoDB DEFAULT CHARSET=utf8 COLLATE=utf8_general_ci;

--
-- Dumping data for table `reservations`
--

INSERT INTO `reservations` (`id`, `name`, `email`, `phone`, `num_guests`, `reservation_date`, `reservation_time`, `special_requests`, `pre_choose`, `reserve_status`, `assigned`, `created_at`) VALUES
(107, '', '', '09256485603', 2, '2024-09-03', '18:00:00', '', 'yes', 'completed', 0, '2024-09-02 14:49:36'),
(121, '', '', '09682891243', 6, '2024-09-05', '05:58:00', '', 'no', 'confirmed', 1, '2024-09-02 05:18:51'),
(122, '', '', '09682892222', 7, '2024-09-03', '16:00:00', '', 'yes', 'completed', 0, '2024-09-03 06:48:52'),
(125, '', '', '09682890421', 5, '2024-09-04', '13:00:00', '', 'yes', 'completed', 0, '2024-09-03 18:26:27'),
(126, '', '', '09682890123', 4, '2024-09-04', '13:00:00', '', 'no', 'confirmed', 0, '2024-09-04 06:08:48'),
(127, '', '', '09696673768', 5, '2024-09-04', '12:00:00', '', 'yes', 'completed', 1, '2024-09-04 03:52:13'),
(128, 'yamin', 'mama@gmail.com', '09682890402', 10, '2024-09-04', '11:57:00', '', 'yes', 'completed', 1, '2024-09-04 04:51:09'),
(129, 'Maung', '', '09682891202', 2, '2024-09-04', '11:30:00', '', 'no', 'confirmed', 0, '2024-09-04 04:59:45'),
(130, 'queen', '', '09696673760', 6, '2024-09-04', '12:00:00', '', 'yes', 'completed', 1, '2024-09-04 05:02:45'),
(131, 'thae', '', '09282890421', 12, '2024-09-05', '07:00:00', '', 'no', 'confirmed', 1, '2024-09-04 05:10:01'),
(134, '', '', '09696673766', 2, '2024-09-04', '12:00:00', '', 'yes', 'completed', 0, '2024-09-04 05:27:38'),
(135, '', '', '09682890421', 5, '2024-09-04', '17:00:00', '', 'no', 'confirmed', 1, '2024-09-04 10:23:43'),
(136, '', '', '09682890421', 5, '2024-09-05', '07:00:00', 'hum', 'yes', 'completed', 1, '2024-09-04 10:25:08'),
(137, 'yamin', '', '09696673124', 2, '2024-09-05', '13:21:00', 'my boyfriend', 'no', 'confirmed', 0, '2024-09-05 06:20:14'),
(138, 'Maung', 'mg@email.com', '09682890421', 12, '2024-09-05', '13:30:00', '', 'yes', 'completed', 1, '2024-09-05 06:28:07'),
(139, '', '', '09256673768', 5, '2024-09-05', '13:30:00', 'allergic to peanut', 'yes', 'completed', 1, '2024-09-05 06:37:02'),
(143, 'Myat Noe', '', '09223454990', 5, '2024-09-05', '14:00:00', '', 'no', 'confirmed', 0, '2024-09-05 06:48:43'),
(144, 'Myat Noe', '', '09223454970', 3, '2024-09-05', '14:30:00', '', 'yes', 'completed', 0, '2024-09-05 06:59:58'),
(145, 'Myat Noe', '', '09223454991', 2, '2024-09-05', '14:00:00', '', 'no', 'confirmed', 0, '2024-09-05 07:15:29'),
(146, 'Myat Noe', '', '09223454995', 2, '2024-09-05', '14:30:00', '', 'yes', 'completed', 0, '2024-09-05 07:17:09'),
(147, '', '', '09682890422', 2, '2024-09-05', '14:00:00', '', 'no', 'confirmed', 0, '2024-09-05 07:19:23'),
(148, 'R', '', '09682890422', 2, '2024-09-05', '14:00:00', '', 'no', 'confirmed', 1, '2024-09-05 07:20:42'),
(149, 'U Aung Htun', '', '09402890402', 5, '2024-09-05', '15:00:00', '', 'no', 'confirmed', 1, '2024-09-05 08:09:20'),
(150, 'U myo', '', '09253454667', 5, '2024-09-05', '15:00:00', '', 'no', 'confirmed', 1, '2024-09-05 08:10:15'),
(151, 'Daw Thin ', '', '09408890421', 5, '2024-09-05', '15:00:00', '', 'no', 'confirmed', 1, '2024-09-05 08:12:30'),
(152, '', '', '09682890421', 5, '2024-09-05', '20:00:00', '', 'yes', 'completed', 1, '2024-09-05 13:27:22'),
(153, '', '', '09696673768', 2, '2024-09-05', '21:30:00', '', 'yes', 'pending', 1, '2024-09-05 14:47:18'),
(154, '', '', '09696673768', 5, '2024-09-06', '12:00:00', '', 'yes', 'pending', 1, '2024-09-06 04:51:14'),
(155, '', '', '09682890444', 5, '2024-09-06', '13:00:00', '', 'no', 'pending', 1, '2024-09-06 05:06:49'),
(156, 'Ei Hmwe', 'eihmwe@email.com', '09778454182', 2, '2024-09-06', '13:30:00', '', 'yes', 'pending', 1, '2024-09-06 05:08:08'),
(157, 'Ngu Shwe Yi', 'shweyi123@gmail.com', '09976882700', 2, '2024-09-06', '14:30:00', '', 'no', 'pending', 1, '2024-09-06 05:10:20'),
(158, '', '', '09682890428', 5, '2024-09-06', '13:00:00', '', 'yes', 'pending', 1, '2024-09-06 05:42:42'),
(159, '', '', '09696673768', 3, '2024-09-06', '13:30:00', '', 'yes', 'pending', 1, '2024-09-06 06:50:05'),
(160, '', '', '09696673768', 5, '2024-09-06', '14:00:00', '', 'no', 'confirmed', 0, '2024-09-06 06:57:25'),
(161, '', '', '09682890421', 5, '2024-09-07', '13:30:00', '', 'yes', 'pending', 0, '2024-09-06 07:06:56'),
(162, 'ma ma', '', '09696673768', 5, '2024-09-06', '14:00:00', '', 'yes', 'completed', 1, '2024-09-06 07:11:54'),
(163, 'yamin', '', '09696673768', 5, '2024-09-06', '14:00:00', '', 'yes', 'completed', 0, '2024-09-06 07:22:05'),
(164, 'yy', '', '09696673768', 3, '2024-09-06', '14:30:00', '', 'yes', 'completed', 0, '2024-09-06 07:31:49'),
(165, 'kk', '', '09682890421', 6, '2024-09-09', '21:28:00', '', 'yes', 'pending', 0, '2024-09-06 07:43:18'),
(166, '', '', '09682890421', 2, '2024-09-06', '15:00:00', '', 'yes', 'completed', 1, '2024-09-06 08:07:38'),
(167, '', '', '09682890421', 3, '2024-09-07', '22:30:00', '', 'yes', 'pending', 1, '2024-09-07 13:55:41'),
(168, '', '', '09696673768', 2, '2024-09-07', '21:00:00', '', 'yes', 'pending', 0, '2024-09-07 14:21:16');

-- --------------------------------------------------------

--
-- Table structure for table `salary`
--

CREATE TABLE `salary` (
  `salary_id` int(11) NOT NULL,
  `staff_id` int(11) DEFAULT NULL,
  `amount` decimal(10,2) DEFAULT NULL,
  `salary_start_date` date DEFAULT NULL,
  `salary_end_date` date DEFAULT NULL
) ENGINE=InnoDB DEFAULT CHARSET=utf8 COLLATE=utf8_general_ci;

-- --------------------------------------------------------

--
-- Table structure for table `selection_order`
--

CREATE TABLE `selection_order` (
  `s_id` int(11) NOT NULL,
  `t_id` varchar(200) NOT NULL,
  `r_id` int(11) DEFAULT NULL,
  `food_id` int(11) NOT NULL,
  `quantity` int(11) NOT NULL,
  `date` date NOT NULL DEFAULT current_timestamp()
) ENGINE=InnoDB DEFAULT CHARSET=utf8 COLLATE=utf8_general_ci;

--
-- Dumping data for table `selection_order`
--

INSERT INTO `selection_order` (`s_id`, `t_id`, `r_id`, `food_id`, `quantity`, `date`) VALUES
(50, 'F9I3C', NULL, 7, 1, '2024-07-19'),
(54, 'VRJPQ', NULL, 87, 3, '2024-07-22'),
(55, '4PH2V', NULL, 366, 4, '2024-07-22'),
(56, '7HG84', NULL, 7, 1, '2024-07-22'),
(57, 'LWNAO', NULL, 77, 2, '2024-07-22'),
(58, 'ZY213', NULL, 126, 2, '2024-07-22'),
(59, 'ZY213', NULL, 7, 2, '2024-07-22'),
(60, 'ZY213', NULL, 452, 2, '2024-07-22'),
(61, 'RP4AK', NULL, 438, 1, '2024-07-22'),
(63, 'QNK5H', NULL, 117, 1, '2024-07-22'),
(64, 'QNK5H', NULL, 554, 2, '2024-07-22'),
(65, 'QNK5H', NULL, 373, 1, '2024-07-22'),
(71, 'DAYXE', NULL, 353, 3, '2024-07-23'),
(72, 'U84F8', NULL, 14, 1, '2024-07-23'),
(73, '5HF0Q', NULL, 14, 2, '2024-07-23'),
(74, 'AREQU', NULL, 32, 2, '2024-07-23'),
(75, 'TM59L', NULL, 23, 3, '2024-07-23'),
(79, 'QXTD5', NULL, 587, 1, '2024-07-24'),
(80, 'QXTD5', NULL, 367, 1, '2024-07-24'),
(81, 'QVP2P', NULL, 24, 3, '2024-07-25'),
(82, 'VAYZN', NULL, 87, 2, '2024-07-25'),
(83, 'VAYZN', NULL, 125, 1, '2024-07-25'),
(85, 'NDPPY', NULL, 111, 1, '2024-07-25'),
(86, 'LU39Z', NULL, 14, 1, '2024-07-24'),
(87, 'LU39Z', NULL, 77, 2, '2024-07-24'),
(90, '5I5ZD', NULL, 452, 2, '2024-07-26'),
(91, '5I5ZD', NULL, 587, 1, '2024-07-26'),
(92, '07DDQ', NULL, 111, 2, '2024-07-26'),
(93, 'HZS7A', NULL, 117, 1, '2024-07-26'),
(94, 'HR4RQ', NULL, 654, 2, '2024-07-26'),
(95, 'HR4RQ', NULL, 575, 2, '2024-07-26'),
(98, 'K1DCC', NULL, 21, 1, '2024-07-26'),
(100, 'JNEV2', NULL, 619, 1, '2024-07-27'),
(101, 'JNEV2', NULL, 629, 1, '2024-07-27'),
(103, 'JNEV2', NULL, 623, 1, '2024-07-27'),
(104, 'JNEV2', NULL, 5, 1, '2024-07-27'),
(105, 'I8CWL', NULL, 587, 7, '2024-07-27'),
(106, 'XP6P6', NULL, 452, 4, '2024-07-27'),
(108, 'D6ACD', NULL, 72, 2, '2024-07-27'),
(109, 'D6ACD', NULL, 117, 2, '2024-07-27'),
(110, '21RMS', NULL, 364, 1, '2023-07-27'),
(111, '21RMS', NULL, 121, 1, '2023-07-27'),
(112, '21RMS', NULL, 515, 1, '2023-07-27'),
(113, 'GIJ6K', NULL, 7, 1, '2023-07-27'),
(114, 'QROTU', NULL, 640, 2, '2024-07-26'),
(115, 'QROTU', NULL, 394, 1, '2024-07-26'),
(116, 'QROTU', NULL, 488, 2, '2024-07-26'),
(119, 'QLKZP', NULL, 9, 1, '2024-07-26'),
(120, '14M4V', NULL, 633, 1, '2024-07-26'),
(121, '14M4V', NULL, 635, 1, '2024-07-26'),
(123, 'J38RE', NULL, 583, 5, '2024-06-02'),
(124, 'J38RE', NULL, 590, 5, '2024-06-02'),
(125, 'J38RE', NULL, 607, 5, '2024-06-02'),
(126, 'J38RE', NULL, 31, 10, '2024-06-02'),
(127, 'WI3WN', NULL, 634, 3, '2024-06-02'),
(128, 'WI3WN', NULL, 635, 3, '2024-06-02'),
(129, 'WI3WN', NULL, 77, 2, '2024-06-02'),
(130, 'WI3WN', NULL, 596, 1, '2024-06-02'),
(131, 'WI3WN', NULL, 180, 2, '2024-06-02'),
(132, 'WI3WN', NULL, 477, 3, '2024-06-02'),
(133, 'WI3WN', NULL, 655, 2, '2024-06-02'),
(134, 'WI3WN', NULL, 125, 2, '2024-06-02'),
(135, 'WI3WN', NULL, 621, 3, '2024-06-02'),
(136, 'R0JTW', NULL, 636, 1, '2024-07-23'),
(137, 'R0JTW', NULL, 187, 2, '2024-07-23'),
(138, 'R0JTW', NULL, 189, 4, '2024-07-23'),
(139, 'R0JTW', NULL, 542, 1, '2024-07-23'),
(140, 'R0JTW', NULL, 79, 5, '2024-07-23'),
(141, 'R0JTW', NULL, 73, 1, '2024-07-23'),
(142, 'R0JTW', NULL, 74, 1, '2024-07-23'),
(143, 'R0JTW', NULL, 77, 3, '2024-07-23'),
(144, 'R0JTW', NULL, 356, 2, '2024-07-23'),
(146, 'FFLIZ', NULL, 21, 5, '2024-07-23'),
(147, 'FFLIZ', NULL, 529, 5, '2024-07-23'),
(148, 'FFLIZ', NULL, 654, 2, '2024-07-23'),
(149, 'FFLIZ', NULL, 190, 2, '2024-07-23'),
(150, 'J69TF', NULL, 7, 10, '2024-07-23'),
(151, 'J69TF', NULL, 401, 3, '2024-07-23'),
(152, 'J69TF', NULL, 423, 3, '2024-07-23'),
(153, 'UQ0AN', NULL, 77, 5, '2024-07-23'),
(155, 'UQ0AN', NULL, 5, 2, '2024-07-23'),
(156, 'SI20Q', NULL, 561, 1, '2024-07-23'),
(157, 'SI20Q', NULL, 574, 1, '2024-07-23'),
(158, 'SI20Q', NULL, 578, 1, '2024-07-23'),
(159, 'SI20Q', NULL, 556, 1, '2024-07-23'),
(160, 'SI20Q', NULL, 375, 4, '2024-07-23'),
(161, '43Y5Q', NULL, 115, 5, '2024-07-25'),
(162, '43Y5Q', NULL, 5, 5, '2024-07-25'),
(163, 'ISOES', NULL, 401, 2, '2024-07-25'),
(164, 'ISOES', NULL, 370, 3, '2024-07-25'),
(165, 'ISOES', NULL, 375, 2, '2024-07-25'),
(166, 'ISOES', NULL, 368, 3, '2024-07-25'),
(167, 'ISOES', NULL, 373, 2, '2024-07-25'),
(168, '96FE8', NULL, 72, 2, '2024-07-25'),
(169, '96FE8', NULL, 77, 5, '2024-07-25'),
(170, 'OXKWG', NULL, 617, 3, '2024-07-25'),
(171, 'OXKWG', NULL, 373, 3, '2024-07-25'),
(172, 'HGA3J', NULL, 83, 3, '2024-07-25'),
(173, 'HGA3J', NULL, 547, 3, '2024-07-25'),
(174, '8EBC3', NULL, 539, 4, '2024-07-25'),
(175, '8EBC3', NULL, 19, 2, '2024-07-25'),
(176, '8EBC3', NULL, 363, 4, '2024-07-25'),
(177, '0HBGN', NULL, 32, 1, '2024-07-25'),
(178, '0HBGN', NULL, 561, 1, '2024-07-25'),
(179, '0HBGN', NULL, 77, 1, '2024-07-25'),
(180, '0HBGN', NULL, 24, 1, '2024-07-25'),
(181, '0HBGN', NULL, 630, 1, '2024-07-25'),
(182, '4VWX1', NULL, 117, 1, '2024-07-25'),
(183, '4VWX1', NULL, 603, 2, '2024-07-25'),
(185, 'YUQX1', NULL, 650, 1, '2024-07-31'),
(186, '5FWU2', NULL, 74, 2, '2024-07-31'),
(187, '9AH76', NULL, 436, 1, '2024-07-30'),
(188, 'C5SNL', NULL, 436, 1, '2024-07-30'),
(189, '9D0D9', NULL, 436, 1, '2024-07-30'),
(190, '3G9SD', NULL, 436, 1, '2024-07-30'),
(191, '6BLB4', NULL, 74, 1, '2024-07-30'),
(192, '6BLB4', NULL, 29, 1, '2024-07-30'),
(194, 'ZTJTI', NULL, 503, 2, '2024-07-30'),
(195, '040SE', NULL, 4, 1, '2024-07-30'),
(197, 'EN2EX', NULL, 8, 1, '2024-07-01'),
(198, 'EN2EX', NULL, 9, 1, '2024-07-01'),
(199, 'EN2EX', NULL, 7, 4, '2024-07-01'),
(200, '6P3ML', NULL, 79, 1, '2024-07-01'),
(201, '6P3ML', NULL, 75, 1, '2024-07-01'),
(202, '6P3ML', NULL, 122, 1, '2024-07-01'),
(203, '6P3ML', NULL, 185, 1, '2024-07-01'),
(204, '6P3ML', NULL, 28, 1, '2024-07-01'),
(205, '6P3ML', NULL, 373, 2, '2024-07-01'),
(206, '9ZDD9', NULL, 359, 1, '2024-07-01'),
(207, '9ZDD9', NULL, 343, 1, '2024-07-01'),
(208, '9ZDD9', NULL, 371, 1, '2024-07-01'),
(209, '9ZDD9', NULL, 633, 1, '2024-07-01'),
(210, '9ZDD9', NULL, 634, 1, '2024-07-01'),
(211, '9ZDD9', NULL, 335, 1, '2024-07-01'),
(212, 'N7FFL', NULL, 650, 1, '2024-07-01'),
(213, 'N7FFL', NULL, 649, 1, '2024-07-01'),
(214, 'N7FFL', NULL, 639, 1, '2024-07-01'),
(215, 'N7FFL', NULL, 193, 1, '2024-07-01'),
(216, 'N7FFL', NULL, 194, 1, '2024-07-01'),
(217, 'N7FFL', NULL, 89, 1, '2024-07-01'),
(218, 'N7FFL', NULL, 88, 1, '2024-07-01'),
(219, 'Q67DV', NULL, 615, 1, '2024-07-01'),
(220, 'Q67DV', NULL, 620, 1, '2024-07-01'),
(221, 'Q67DV', NULL, 629, 1, '2024-07-01'),
(222, 'Q67DV', NULL, 624, 1, '2024-07-01'),
(223, 'Q67DV', NULL, 558, 1, '2024-07-01'),
(224, 'Q67DV', NULL, 578, 1, '2024-07-01'),
(225, 'Q67DV', NULL, 3, 1, '2024-07-01'),
(228, '7EF2I', NULL, 19, 1, '2024-07-01'),
(229, '7EF2I', NULL, 24, 1, '2024-07-01'),
(230, '7EF2I', NULL, 616, 1, '2024-07-01'),
(231, '7EF2I', NULL, 504, 1, '2024-07-01'),
(232, '7EF2I', NULL, 508, 1, '2024-07-01'),
(233, '7EF2I', NULL, 507, 1, '2024-07-01'),
(234, '7EF2I', NULL, 510, 1, '2024-07-01'),
(235, '5FUMK', NULL, 651, 1, '2024-07-01'),
(236, '5FUMK', NULL, 649, 1, '2024-07-01'),
(237, '5FUMK', NULL, 81, 1, '2024-07-01'),
(238, '5FUMK', NULL, 72, 1, '2024-07-01'),
(239, '5FUMK', NULL, 25, 1, '2024-07-01'),
(240, '5FUMK', NULL, 17, 1, '2024-07-01'),
(242, 'VM5PQ', NULL, 439, 1, '2024-07-01'),
(243, 'VM5PQ', NULL, 382, 1, '2024-07-01'),
(244, 'VM5PQ', NULL, 412, 1, '2024-07-01'),
(245, 'VM5PQ', NULL, 401, 1, '2024-07-01'),
(246, 'NXIY2', NULL, 2, 1, '2024-07-01'),
(247, 'NXIY2', NULL, 380, 1, '2024-07-01'),
(248, 'NXIY2', NULL, 385, 1, '2024-07-01'),
(249, 'NXIY2', NULL, 585, 1, '2024-07-01'),
(250, '7JYOC', NULL, 554, 1, '2024-07-01'),
(251, '7JYOC', NULL, 558, 1, '2024-07-01'),
(252, '7JYOC', NULL, 570, 1, '2024-07-01'),
(253, '7JYOC', NULL, 577, 1, '2024-07-01'),
(254, '6P1U8', NULL, 478, 1, '2024-07-01'),
(255, '6P1U8', NULL, 480, 1, '2024-07-01'),
(256, '6P1U8', NULL, 486, 2, '2024-07-01'),
(257, '6P1U8', NULL, 16, 1, '2024-07-01'),
(258, '6P1U8', NULL, 24, 1, '2024-07-01'),
(259, '8YRLE', NULL, 367, 1, '2024-07-01'),
(260, '8YRLE', NULL, 371, 1, '2024-07-01'),
(261, '8YRLE', NULL, 368, 1, '2024-07-01'),
(262, '8YRLE', NULL, 581, 1, '2024-07-01'),
(263, '8YRLE', NULL, 596, 1, '2024-07-01'),
(264, '8YRLE', NULL, 604, 1, '2024-07-01'),
(266, 'XHS3J', NULL, 662, 1, '2024-07-01'),
(267, 'XHS3J', NULL, 1089, 1, '2024-07-01'),
(268, 'XHS3J', NULL, 1088, 1, '2024-07-01'),
(269, 'XHS3J', NULL, 1095, 1, '2024-07-01'),
(270, '8F99P', NULL, 616, 1, '2024-07-01'),
(271, '8F99P', NULL, 615, 1, '2024-07-01'),
(272, '8F99P', NULL, 619, 1, '2024-07-01'),
(273, '8F99P', NULL, 11, 1, '2024-07-01'),
(274, '8F99P', NULL, 8, 1, '2024-07-01'),
(275, 'MM2FK', NULL, 5, 1, '2024-07-01'),
(276, 'MM2FK', NULL, 380, 1, '2024-07-01'),
(277, 'MM2FK', NULL, 379, 1, '2024-07-01'),
(278, 'MM2FK', NULL, 386, 1, '2024-07-01'),
(279, 'OE6IG', NULL, 7, 2, '2024-07-01'),
(280, 'OE6IG', NULL, 582, 1, '2024-07-01'),
(281, 'WNL2B', NULL, 111, 1, '2024-07-01'),
(282, 'WNL2B', NULL, 115, 1, '2024-07-01'),
(283, 'WNL2B', NULL, 110, 1, '2024-07-01'),
(284, 'WNL2B', NULL, 7, 2, '2024-07-01'),
(285, 'WNL2B', NULL, 8, 2, '2024-07-01'),
(287, 'XPUF3', NULL, 338, 1, '2024-07-01'),
(288, 'XPUF3', NULL, 340, 1, '2024-07-01'),
(289, 'XPUF3', NULL, 343, 1, '2024-07-01'),
(290, 'XPUF3', NULL, 618, 1, '2024-07-01'),
(291, 'XPUF3', NULL, 617, 1, '2024-07-01'),
(292, 'I6HFA', NULL, 632, 1, '2024-07-01'),
(293, 'I6HFA', NULL, 634, 1, '2024-07-01'),
(294, 'I6HFA', NULL, 5, 2, '2024-07-01'),
(295, 'I6HFA', NULL, 75, 1, '2024-07-01'),
(296, '10YIC', NULL, 547, 1, '2024-07-01'),
(297, '10YIC', NULL, 549, 1, '2024-07-01'),
(298, '10YIC', NULL, 552, 1, '2024-07-01'),
(299, '10YIC', NULL, 555, 1, '2024-07-01'),
(300, '10YIC', NULL, 554, 1, '2024-07-01'),
(301, 'DAMF2', NULL, 5, 1, '2024-07-02'),
(303, 'DAMF2', NULL, 75, 1, '2024-07-02'),
(304, 'DAMF2', NULL, 74, 1, '2024-07-02'),
(306, 'Q3KT1', NULL, 20, 1, '2024-07-02'),
(307, 'Q3KT1', NULL, 619, 1, '2024-07-02'),
(308, 'Q3KT1', NULL, 621, 1, '2024-07-02'),
(309, '57NIM', NULL, 7, 2, '2024-07-02'),
(310, '57NIM', NULL, 649, 1, '2024-07-02'),
(311, '57NIM', NULL, 653, 1, '2024-07-02'),
(312, '57NIM', NULL, 75, 1, '2024-07-02'),
(313, '57NIM', NULL, 76, 2, '2024-07-02'),
(314, '57NIM', NULL, 83, 1, '2024-07-02'),
(315, '57NIM', NULL, 582, 1, '2024-07-02'),
(316, '57NIM', NULL, 5, 1, '2024-07-02'),
(317, '57NIM', NULL, 12, 1, '2024-07-02'),
(318, '57NIM', NULL, 23, 1, '2024-07-02'),
(319, '84OG6', NULL, 382, 1, '2024-07-02'),
(320, '84OG6', NULL, 392, 1, '2024-07-02'),
(321, '84OG6', NULL, 7, 1, '2024-07-02'),
(322, '84OG6', NULL, 9, 1, '2024-07-02'),
(323, '84OG6', NULL, 10, 1, '2024-07-02'),
(324, '84OG6', NULL, 581, 1, '2024-07-02'),
(325, '84OG6', NULL, 655, 1, '2024-07-02'),
(326, '84OG6', NULL, 482, 1, '2024-07-02'),
(327, '5VBTF', NULL, 655, 1, '2024-07-02'),
(328, '5VBTF', NULL, 654, 1, '2024-07-02'),
(329, '5VBTF', NULL, 660, 1, '2024-07-02'),
(330, '5VBTF', NULL, 656, 1, '2024-07-02'),
(331, '5VBTF', NULL, 619, 1, '2024-07-02'),
(332, '5VBTF', NULL, 629, 1, '2024-07-02'),
(333, '5VBTF', NULL, 625, 1, '2024-07-02'),
(334, 'N6U5Z', NULL, 111, 1, '2024-07-02'),
(335, 'N6U5Z', NULL, 113, 1, '2024-07-02'),
(336, 'N6U5Z', NULL, 123, 1, '2024-07-02'),
(337, 'N6U5Z', NULL, 2, 1, '2024-07-02'),
(338, 'N6U5Z', NULL, 5, 1, '2024-07-02'),
(339, 'N6U5Z', NULL, 7, 1, '2024-07-02'),
(340, 'N6U5Z', NULL, 6, 1, '2024-07-02'),
(341, 'PRAXG', NULL, 478, 1, '2024-07-02'),
(342, 'PRAXG', NULL, 479, 1, '2024-07-02'),
(343, 'PRAXG', NULL, 482, 1, '2024-07-02'),
(344, '1QX8L', NULL, 194, 1, '2024-07-02'),
(345, '1QX8L', NULL, 196, 1, '2024-07-02'),
(346, '1QX8L', NULL, 195, 1, '2024-07-02'),
(347, '1QX8L', NULL, 238, 1, '2024-07-02'),
(350, 'LGDW5', NULL, 511, 1, '2024-07-02'),
(351, 'DQ511', NULL, 656, 1, '2024-07-02'),
(352, 'DQ511', NULL, 73, 2, '2024-07-02'),
(354, 'G0MQA', NULL, 342, 1, '2024-07-02'),
(355, 'G0MQA', NULL, 361, 1, '2024-07-02'),
(356, 'DOVJ8', NULL, 28, 1, '2024-07-03'),
(357, 'DOVJ8', NULL, 8, 1, '2024-07-03'),
(358, 'DOVJ8', NULL, 2, 1, '2024-07-03'),
(359, 'DOVJ8', NULL, 619, 1, '2024-07-03'),
(361, 'DOVJ8', NULL, 625, 1, '2024-07-03'),
(362, 'DOVJ8', NULL, 624, 1, '2024-07-03'),
(363, '448WQ', NULL, 632, 1, '2024-07-03'),
(364, '448WQ', NULL, 636, 1, '2024-07-03'),
(365, '448WQ', NULL, 72, 2, '2024-07-03'),
(366, '448WQ', NULL, 74, 1, '2024-07-03'),
(367, 'EKXE4', NULL, 80, 1, '2024-07-03'),
(368, 'EKXE4', NULL, 477, 1, '2024-07-03'),
(370, 'ZQ0SX', NULL, 28, 2, '2024-07-03'),
(371, 'ZQ0SX', NULL, 78, 1, '2024-07-03'),
(372, 'ZQ0SX', NULL, 79, 1, '2024-07-03'),
(373, 'ZQ0SX', NULL, 73, 1, '2024-07-03'),
(374, 'IKF66', NULL, 547, 1, '2024-07-03'),
(375, 'IKF66', NULL, 554, 1, '2024-07-03'),
(376, 'IKF66', NULL, 555, 1, '2024-07-03'),
(377, 'IKF66', NULL, 111, 1, '2024-07-03'),
(378, 'IKF66', NULL, 112, 1, '2024-07-03'),
(379, 'IKF66', NULL, 26, 3, '2024-07-03'),
(381, 'FGZK6', NULL, 8, 1, '2024-07-04'),
(383, 'FGZK6', NULL, 31, 2, '2024-07-04'),
(384, 'FGZK6', NULL, 482, 1, '2024-07-04'),
(385, 'FGZK6', NULL, 483, 1, '2024-07-04'),
(386, 'FGZK6', NULL, 487, 1, '2024-07-04'),
(387, 'FGZK6', NULL, 484, 1, '2024-07-04'),
(388, 'FGZK6', NULL, 491, 1, '2024-07-04'),
(389, 'FGZK6', NULL, 492, 1, '2024-07-04'),
(390, 'CBV4G', NULL, 439, 1, '2024-07-04'),
(391, 'CBV4G', NULL, 445, 1, '2024-07-04'),
(392, 'CBV4G', NULL, 442, 1, '2024-07-04'),
(393, 'CBV4G', NULL, 444, 1, '2024-07-04'),
(394, 'CBV4G', NULL, 449, 1, '2024-07-04'),
(395, 'CBV4G', NULL, 453, 1, '2024-07-04'),
(396, 'CBV4G', NULL, 462, 1, '2024-07-04'),
(397, 'CBV4G', NULL, 390, 1, '2024-07-04'),
(398, 'CBV4G', NULL, 618, 1, '2024-07-04'),
(399, 'CBV4G', NULL, 625, 1, '2024-07-04'),
(400, 'CBV4G', NULL, 628, 1, '2024-07-04'),
(401, 'CBV4G', NULL, 655, 1, '2024-07-04'),
(402, 'CBV4G', NULL, 660, 1, '2024-07-04'),
(403, 'CBV4G', NULL, 650, 1, '2024-07-04'),
(404, 'CBV4G', NULL, 644, 1, '2024-07-04'),
(405, 'CBV4G', NULL, 645, 1, '2024-07-04'),
(406, 'CBV4G', NULL, 639, 1, '2024-07-04'),
(407, 'CBV4G', NULL, 196, 1, '2024-07-04'),
(408, 'CBV4G', NULL, 193, 1, '2024-07-04'),
(409, 'CBV4G', NULL, 195, 1, '2024-07-04'),
(410, 'ZMOCM', NULL, 5, 4, '2024-07-04'),
(411, 'ZMOCM', NULL, 8, 1, '2024-07-04'),
(412, 'ZMOCM', NULL, 194, 1, '2024-07-04'),
(413, 'ZMOCM', NULL, 237, 1, '2024-07-04'),
(414, 'ZMOCM', NULL, 196, 1, '2024-07-04'),
(415, 'ZMOCM', NULL, 239, 1, '2024-07-04'),
(416, 'HQ0XS', NULL, 194, 1, '2024-07-04'),
(417, 'HQ0XS', NULL, 193, 1, '2024-07-04'),
(418, 'HQ0XS', NULL, 237, 1, '2024-07-04'),
(419, 'HQ0XS', NULL, 236, 1, '2024-07-04'),
(420, 'HQ0XS', NULL, 2, 1, '2024-07-04'),
(421, 'HQ0XS', NULL, 5, 1, '2024-07-04'),
(422, 'HQ0XS', NULL, 9, 1, '2024-07-04'),
(424, '3QGEP', NULL, 194, 2, '2024-07-04'),
(425, '3QGEP', NULL, 237, 3, '2024-07-04'),
(426, 'X489G', NULL, 238, 1, '2024-07-05'),
(427, 'X489G', NULL, 240, 1, '2024-07-05'),
(428, 'X489G', NULL, 28, 1, '2024-07-05'),
(429, 'X489G', NULL, 25, 1, '2024-07-05'),
(430, 'X489G', NULL, 2, 1, '2024-07-05'),
(431, 'X489G', NULL, 3, 1, '2024-07-05'),
(432, 'NKU2G', NULL, 7, 2, '2024-07-05'),
(433, 'NKU2G', NULL, 27, 2, '2024-07-05'),
(435, 'NKU2G', NULL, 75, 2, '2024-07-05'),
(436, 'NKU2G', NULL, 83, 2, '2024-07-05'),
(437, '7C03S', NULL, 75, 2, '2024-06-05'),
(438, '7C03S', NULL, 477, 1, '2024-06-05'),
(439, '7C03S', NULL, 550, 1, '2024-06-05'),
(440, '7C03S', NULL, 196, 1, '2024-06-05'),
(441, '33PWA', NULL, 78, 2, '2024-08-01'),
(442, '33PWA', NULL, 10, 2, '2024-08-01'),
(447, 'FIV6M', NULL, 119, 2, '2024-08-01'),
(448, 'FIV6M', NULL, 111, 1, '2024-08-01'),
(449, 'T91HR', NULL, 114, 1, '2024-07-06'),
(450, 'T91HR', NULL, 622, 1, '2024-07-06'),
(451, 'T91HR', NULL, 621, 1, '2024-07-06'),
(452, '54E4X', NULL, 7, 2, '2024-07-06'),
(453, '54E4X', NULL, 77, 2, '2024-07-06'),
(454, '54E4X', NULL, 122, 2, '2024-07-06'),
(456, 'HSFZ7', NULL, 5, 2, '2024-07-06'),
(457, 'HSFZ7', NULL, 28, 2, '2024-07-06'),
(458, 'HSFZ7', NULL, 194, 1, '2024-07-06'),
(459, 'HSFZ7', NULL, 237, 1, '2024-07-06'),
(460, 'HSFZ7', NULL, 240, 1, '2024-07-06'),
(461, 'TDJOX', NULL, 24, 2, '2024-07-06'),
(463, 'TDJOX', NULL, 111, 2, '2024-07-06'),
(464, 'TDJOX', NULL, 89, 1, '2024-07-06'),
(465, 'TDJOX', NULL, 175, 1, '2024-07-06'),
(466, 'TDJOX', NULL, 340, 1, '2024-07-06'),
(467, 'TDJOX', NULL, 345, 1, '2024-07-06'),
(468, 'TDJOX', NULL, 583, 1, '2024-07-06'),
(469, 'TDJOX', NULL, 607, 1, '2024-07-06'),
(470, 'JANKG', NULL, 634, 1, '2024-07-06'),
(471, 'JANKG', NULL, 637, 1, '2024-07-06'),
(472, 'JANKG', NULL, 635, 1, '2024-07-06'),
(473, 'JANKG', NULL, 237, 1, '2024-07-06'),
(474, 'JANKG', NULL, 239, 1, '2024-07-06'),
(475, 'JANKG', NULL, 338, 1, '2024-07-06'),
(476, 'JANKG', NULL, 344, 1, '2024-07-06'),
(477, 'JANKG', NULL, 550, 1, '2024-07-06'),
(478, 'JANKG', NULL, 558, 1, '2024-07-06'),
(479, 'JANKG', NULL, 557, 1, '2024-07-06'),
(480, 'JANKG', NULL, 8, 1, '2024-07-06'),
(483, 'MPE8S', NULL, 655, 1, '2024-07-07'),
(484, 'MPE8S', NULL, 656, 1, '2024-07-07'),
(485, 'MPE8S', NULL, 657, 1, '2024-07-07'),
(486, 'MPE8S', NULL, 385, 1, '2024-07-07'),
(487, 'A7K58', NULL, 653, 1, '2024-07-07'),
(488, 'A7K58', NULL, 587, 1, '2024-07-07'),
(489, 'A7K58', NULL, 592, 1, '2024-07-07'),
(490, 'A7K58', NULL, 598, 1, '2024-07-07'),
(491, 'A7K58', NULL, 646, 1, '2024-07-07'),
(492, 'A7K58', NULL, 647, 1, '2024-07-07'),
(493, 'A7K58', NULL, 374, 1, '2024-07-07'),
(494, 'A7K58', NULL, 373, 1, '2024-07-07'),
(495, 'A7K58', NULL, 377, 1, '2024-07-07'),
(496, 'A7K58', NULL, 393, 1, '2024-07-07'),
(499, 'LI4R7', NULL, 615, 1, '2024-07-07'),
(500, 'LI4R7', NULL, 477, 1, '2024-07-07'),
(501, 'LI4R7', NULL, 338, 1, '2024-07-07'),
(502, 'EKKQC', NULL, 390, 1, '2024-07-07'),
(503, 'EKKQC', NULL, 401, 1, '2024-07-07'),
(504, 'CF1AC', NULL, 6, 2, '2024-07-07'),
(505, 'CF1AC', NULL, 9, 1, '2024-07-07'),
(508, 'CF1AC', NULL, 24, 2, '2024-07-07'),
(509, 'CF1AC', NULL, 23, 1, '2024-07-07'),
(510, 'CF1AC', NULL, 2, 2, '2024-07-07'),
(511, 'CF1AC', NULL, 8, 2, '2024-07-07'),
(512, 'CF1AC', NULL, 3, 7, '2024-07-07'),
(515, 'CF1AC', NULL, 7, 2, '2024-07-07'),
(517, 'CF1AC', NULL, 651, 1, '2024-07-07'),
(518, 'CF1AC', NULL, 654, 1, '2024-07-07'),
(519, 'CF1AC', NULL, 659, 1, '2024-07-07'),
(520, 'CF1AC', NULL, 656, 1, '2024-07-07'),
(521, 'CF1AC', NULL, 660, 1, '2024-07-07'),
(522, 'CF1AC', NULL, 480, 1, '2024-07-07'),
(523, 'CF1AC', NULL, 488, 1, '2024-07-07'),
(524, 'CF1AC', NULL, 489, 2, '2024-07-07'),
(525, 'CF1AC', NULL, 491, 1, '2024-07-07'),
(526, 'CF1AC', NULL, 196, 1, '2024-07-07'),
(527, '8BLHY', NULL, 9, 1, '2024-07-08'),
(528, '8BLHY', NULL, 89, 1, '2024-07-08'),
(529, '8BLHY', NULL, 635, 1, '2024-07-08'),
(530, '8BLHY', NULL, 495, 1, '2024-07-08'),
(531, '8BLHY', NULL, 587, 1, '2024-07-08'),
(532, '8BLHY', NULL, 194, 1, '2024-07-08'),
(537, 'TZQWG', NULL, 367, 1, '2024-07-08'),
(538, 'TZQWG', NULL, 193, 1, '2024-07-08'),
(539, 'TZQWG', NULL, 340, 1, '2024-07-08'),
(540, 'TZQWG', NULL, 379, 1, '2024-07-08'),
(541, 'TZQWG', NULL, 619, 1, '2024-07-08'),
(542, 'DBQTB', NULL, 128, 1, '2024-07-08'),
(544, 'DBQTB', NULL, 594, 1, '2024-07-08'),
(545, 'DBQTB', NULL, 652, 1, '2024-07-08'),
(546, 'CADFR', NULL, 484, 1, '2024-07-08'),
(547, 'CADFR', NULL, 483, 1, '2024-07-08'),
(548, 'CWR5S', NULL, 581, 1, '2024-07-08'),
(549, 'CWR5S', NULL, 586, 1, '2024-07-08'),
(550, 'CWR5S', NULL, 591, 1, '2024-07-08'),
(555, 'SONZO', NULL, 652, 1, '2024-07-08'),
(556, 'SONZO', NULL, 660, 1, '2024-07-08'),
(557, 'SONZO', NULL, 649, 1, '2024-07-08'),
(558, 'SONZO', NULL, 337, 1, '2024-07-08'),
(559, 'SONZO', NULL, 343, 1, '2024-07-08'),
(560, 'SONZO', NULL, 346, 2, '2024-07-08'),
(563, '4VZK1', NULL, 77, 2, '2024-07-08'),
(564, '4VZK1', NULL, 79, 1, '2024-07-08'),
(565, '4VZK1', NULL, 81, 2, '2024-07-08'),
(566, 'DV3SJ', NULL, 659, 1, '2024-07-08'),
(567, 'DV3SJ', NULL, 83, 1, '2024-07-08'),
(568, 'DV3SJ', NULL, 362, 1, '2024-07-08'),
(569, 'DV3SJ', NULL, 240, 1, '2024-07-08'),
(570, 'DV3SJ', NULL, 119, 1, '2024-07-08'),
(571, 'DV3SJ', NULL, 438, 1, '2024-07-08'),
(572, 'Y3GUU', NULL, 641, 1, '2024-07-08'),
(573, 'Y3GUU', NULL, 645, 1, '2024-07-08'),
(574, 'Y3GUU', NULL, 646, 1, '2024-07-08'),
(575, 'Y3GUU', NULL, 640, 1, '2024-07-08'),
(576, '8IG8B', NULL, 586, 1, '2024-07-08'),
(577, '8IG8B', NULL, 585, 1, '2024-07-08'),
(578, '8IG8B', NULL, 593, 1, '2024-07-08'),
(579, '8IG8B', NULL, 384, 1, '2024-07-08'),
(580, '8IG8B', NULL, 404, 1, '2024-07-08'),
(581, 'HZMQ4', NULL, 655, 1, '2024-07-08'),
(582, 'HZMQ4', NULL, 656, 1, '2024-07-08'),
(583, 'HZMQ4', NULL, 657, 1, '2024-07-08'),
(584, 'HZMQ4', NULL, 660, 1, '2024-07-08'),
(585, 'HZMQ4', NULL, 659, 1, '2024-07-08'),
(586, 'HZMQ4', NULL, 3, 1, '2024-07-08'),
(587, 'HZMQ4', NULL, 9, 1, '2024-07-08'),
(588, 'HZMQ4', NULL, 8, 1, '2024-07-08'),
(589, 'FX12G', NULL, 648, 1, '2024-07-08'),
(590, 'FX12G', NULL, 659, 1, '2024-07-08'),
(591, 'FX12G', NULL, 195, 1, '2024-07-08'),
(592, 'FX12G', NULL, 193, 1, '2024-07-08'),
(593, 'FX12G', NULL, 241, 1, '2024-07-08'),
(594, 'FX12G', NULL, 641, 1, '2024-07-08'),
(595, 'FX12G', NULL, 640, 1, '2024-07-08'),
(596, 'MOEH6', NULL, 481, 1, '2024-07-08'),
(597, 'MOEH6', NULL, 482, 1, '2024-07-08'),
(598, 'MOEH6', NULL, 491, 1, '2024-07-08'),
(599, 'MOEH6', NULL, 500, 1, '2024-07-08'),
(600, 'MOEH6', NULL, 498, 1, '2024-07-08'),
(601, '0MDKO', NULL, 27, 1, '2024-07-09'),
(602, '0MDKO', NULL, 25, 1, '2024-07-09'),
(603, '0MDKO', NULL, 505, 1, '2024-07-09'),
(605, '0MDKO', NULL, 522, 1, '2024-07-09'),
(606, '0MDKO', NULL, 366, 1, '2024-07-09'),
(607, '0MDKO', NULL, 365, 1, '2024-07-09'),
(608, 'CI6RR', NULL, 450, 1, '2024-07-09'),
(609, 'CI6RR', NULL, 441, 1, '2024-07-09'),
(610, 'CI6RR', NULL, 438, 1, '2024-07-09'),
(611, 'CI6RR', NULL, 442, 1, '2024-07-09'),
(612, '1XBKY', NULL, 633, 1, '2024-07-09'),
(613, '1XBKY', NULL, 634, 1, '2024-07-09'),
(614, '1XBKY', NULL, 638, 1, '2024-07-09'),
(615, '1XBKY', NULL, 632, 1, '2024-07-09'),
(616, '1XBKY', NULL, 111, 1, '2024-07-09'),
(617, '1XBKY', NULL, 114, 1, '2024-07-09'),
(618, '1XBKY', NULL, 121, 1, '2024-07-09'),
(619, '1XBKY', NULL, 126, 1, '2024-07-09'),
(620, '97L36', NULL, 75, 1, '2024-07-09'),
(621, '97L36', NULL, 83, 1, '2024-07-09'),
(622, '97L36', NULL, 89, 1, '2024-07-09'),
(623, '97L36', NULL, 6, 1, '2024-07-09'),
(624, '97L36', NULL, 20, 1, '2024-07-09'),
(625, 'WH4SE', NULL, 618, 1, '2024-07-09'),
(626, 'WH4SE', NULL, 620, 1, '2024-07-09'),
(627, 'WH4SE', NULL, 622, 1, '2024-07-09'),
(628, 'WH4SE', NULL, 625, 1, '2024-07-09'),
(629, 'QOIHX', NULL, 441, 1, '2024-07-09'),
(630, 'QOIHX', NULL, 438, 1, '2024-07-09'),
(631, 'QOIHX', NULL, 475, 1, '2024-07-09'),
(632, '91357', NULL, 238, 1, '2024-07-09'),
(633, '91357', NULL, 241, 1, '2024-07-09'),
(634, '91357', NULL, 240, 1, '2024-07-09'),
(635, 'TO2LI', NULL, 655, 1, '2024-07-09'),
(636, 'TO2LI', NULL, 650, 1, '2024-07-09'),
(637, 'TO2LI', NULL, 659, 1, '2024-07-09'),
(638, 'TO2LI', NULL, 72, 1, '2024-07-09'),
(639, 'TO2LI', NULL, 75, 1, '2024-07-09'),
(640, 'UFJ62', NULL, 117, 1, '2024-07-09'),
(641, 'UFJ62', NULL, 122, 1, '2024-07-09'),
(642, 'UFJ62', NULL, 125, 1, '2024-07-09'),
(643, 'UFJ62', NULL, 651, 1, '2024-07-09'),
(644, 'UFJ62', NULL, 653, 1, '2024-07-09'),
(645, 'UFJ62', NULL, 657, 1, '2024-07-09'),
(646, 'PVI0V', NULL, 620, 1, '2024-07-09'),
(647, 'PVI0V', NULL, 624, 1, '2024-07-09'),
(648, 'PVI0V', NULL, 619, 1, '2024-07-09'),
(649, 'PVI0V', NULL, 84, 1, '2024-07-09'),
(650, 'PVI0V', NULL, 362, 1, '2024-07-09'),
(651, 'PVI0V', NULL, 363, 1, '2024-07-09'),
(652, 'PVI0V', NULL, 196, 1, '2024-07-09'),
(653, 'PVI0V', NULL, 195, 1, '2024-07-09'),
(654, 'PVI0V', NULL, 193, 1, '2024-07-09'),
(655, 'H9NUC', NULL, 7, 3, '2024-07-09'),
(657, 'H9NUC', NULL, 80, 1, '2024-07-09'),
(658, 'H9NUC', NULL, 111, 1, '2024-07-09'),
(659, 'H9NUC', NULL, 114, 1, '2024-07-09'),
(661, 'V8HFK', NULL, 24, 2, '2024-07-09'),
(662, '142LO', NULL, 12, 2, '2024-07-10'),
(663, '142LO', NULL, 18, 2, '2024-07-10'),
(664, '142LO', NULL, 386, 1, '2024-07-10'),
(665, '142LO', NULL, 399, 1, '2024-07-10'),
(666, 'K881E', NULL, 237, 1, '2024-07-10'),
(667, 'K881E', NULL, 618, 1, '2024-07-10'),
(668, 'K881E', NULL, 594, 1, '2024-07-10'),
(669, 'K881E', NULL, 581, 1, '2024-07-10'),
(670, 'K881E', NULL, 583, 1, '2024-07-10'),
(671, 'XPQ6Y', NULL, 444, 1, '2024-07-10'),
(672, 'XPQ6Y', NULL, 453, 1, '2024-07-10'),
(673, 'XPQ6Y', NULL, 461, 1, '2024-07-10'),
(674, 'XPQ6Y', NULL, 336, 1, '2024-07-10'),
(675, 'XPQ6Y', NULL, 369, 1, '2024-07-10'),
(676, 'XPQ6Y', NULL, 477, 1, '2024-07-10'),
(677, 'QYBEV', NULL, 651, 1, '2024-07-10'),
(678, 'QYBEV', NULL, 650, 1, '2024-07-10'),
(679, '9P0QL', NULL, 16, 2, '2024-07-10'),
(680, '9P0QL', NULL, 20, 2, '2024-07-10'),
(681, '9P0QL', NULL, 482, 1, '2024-07-10'),
(682, '9P0QL', NULL, 483, 1, '2024-07-10'),
(683, '9P0QL', NULL, 491, 1, '2024-07-10'),
(684, '9P0QL', NULL, 550, 1, '2024-07-10'),
(685, '9P0QL', NULL, 379, 1, '2024-07-10'),
(686, 'NS0FT', NULL, 239, 1, '2024-07-10'),
(687, 'NS0FT', NULL, 482, 1, '2024-07-10'),
(688, 'NS0FT', NULL, 625, 1, '2024-07-10'),
(689, 'NS0FT', NULL, 628, 1, '2024-07-10'),
(690, 'MCL9P', NULL, 633, 1, '2024-07-10'),
(691, 'MCL9P', NULL, 637, 1, '2024-07-10'),
(692, '76YZE', NULL, 520, 1, '2024-07-10'),
(693, '76YZE', NULL, 517, 1, '2024-07-10'),
(694, '76YZE', NULL, 515, 2, '2024-07-10'),
(695, '76YZE', NULL, 516, 1, '2024-07-10'),
(696, 'X6QQF', NULL, 2, 1, '2024-07-10'),
(698, 'X6QQF', NULL, 512, 1, '2024-07-10'),
(699, 'X6QQF', NULL, 519, 1, '2024-07-10'),
(700, 'X6QQF', NULL, 655, 1, '2024-07-10'),
(701, 'X6QQF', NULL, 656, 1, '2024-07-10'),
(702, 'TR3S4', NULL, 554, 1, '2024-07-10'),
(703, 'TR3S4', NULL, 567, 1, '2024-07-10'),
(704, 'TR3S4', NULL, 575, 1, '2024-07-10'),
(705, 'TR3S4', NULL, 8, 1, '2024-07-10'),
(706, 'JNIDS', NULL, 617, 1, '2024-07-11'),
(707, 'JNIDS', NULL, 628, 1, '2024-07-11'),
(708, 'JNIDS', NULL, 615, 1, '2024-07-11'),
(709, 'JNIDS', NULL, 619, 1, '2024-07-11'),
(710, 'JNIDS', NULL, 241, 1, '2024-07-11'),
(711, 'JNIDS', NULL, 193, 1, '2024-07-11'),
(712, 'JNIDS', NULL, 238, 1, '2024-07-11'),
(713, '24NQY', NULL, 643, 1, '2024-07-11'),
(714, '24NQY', NULL, 644, 1, '2024-07-11'),
(715, '24NQY', NULL, 640, 1, '2024-07-11'),
(716, '24NQY', NULL, 73, 1, '2024-07-11'),
(717, '24NQY', NULL, 79, 1, '2024-07-11'),
(718, '24NQY', NULL, 83, 1, '2024-07-11'),
(719, 'WUS5Y', NULL, 237, 1, '2024-07-11'),
(720, 'WUS5Y', NULL, 240, 1, '2024-07-11'),
(721, 'KM97V', NULL, 547, 1, '2024-07-11'),
(722, 'KM97V', NULL, 548, 1, '2024-07-11'),
(724, 'V5K84', NULL, 364, 1, '2024-07-11'),
(725, 'V5K84', NULL, 550, 1, '2024-07-11'),
(726, '5PPVF', NULL, 398, 1, '2024-07-11'),
(727, '5PPVF', NULL, 392, 1, '2024-07-11'),
(728, '5PPVF', NULL, 365, 1, '2024-07-11'),
(729, '5PPVF', NULL, 6, 1, '2024-07-11'),
(730, '5PPVF', NULL, 12, 1, '2024-07-11'),
(731, 'PBW7C', NULL, 644, 1, '2024-07-11'),
(732, 'PBW7C', NULL, 645, 1, '2024-07-11'),
(733, 'PBW7C', NULL, 639, 1, '2024-07-11'),
(734, 'PBW7C', NULL, 73, 1, '2024-07-11'),
(735, 'PBW7C', NULL, 477, 1, '2024-07-11'),
(736, 'PBW7C', NULL, 380, 1, '2024-07-11'),
(737, 'PBW7C', NULL, 365, 1, '2024-07-11'),
(738, 'PBW7C', NULL, 370, 1, '2024-07-11'),
(739, '1WE0V', NULL, 477, 1, '2024-07-11'),
(740, '1WE0V', NULL, 482, 1, '2024-07-11'),
(741, '1WE0V', NULL, 478, 1, '2024-07-11'),
(742, '1WE0V', NULL, 6, 1, '2024-07-11'),
(743, '1WE0V', NULL, 3, 1, '2024-07-11'),
(744, '4U30W', NULL, 548, 1, '2024-07-11'),
(745, '4U30W', NULL, 9, 1, '2024-07-11'),
(746, '4U30W', NULL, 18, 1, '2024-07-11'),
(747, '4U30W', NULL, 80, 1, '2024-07-11'),
(748, '4U30W', NULL, 574, 1, '2024-07-11'),
(749, 'P9268', NULL, 635, 1, '2024-07-11'),
(750, 'P9268', NULL, 638, 1, '2024-07-11'),
(751, 'P9268', NULL, 628, 1, '2024-07-11'),
(752, 'P9268', NULL, 594, 1, '2024-07-11'),
(753, 'P9268', NULL, 480, 1, '2024-07-11'),
(754, 'P9268', NULL, 441, 1, '2024-07-11'),
(756, 'WM34W', NULL, 110, 1, '2024-07-11'),
(757, 'WM34W', NULL, 119, 1, '2024-07-11'),
(758, 'WM34W', NULL, 122, 1, '2024-07-11'),
(759, 'WM34W', NULL, 632, 1, '2024-07-11'),
(760, 'WM34W', NULL, 638, 1, '2024-07-11'),
(761, 'WM34W', NULL, 631, 1, '2024-07-11'),
(762, 'WM34W', NULL, 647, 1, '2024-07-11'),
(763, 'WM34W', NULL, 639, 1, '2024-07-11'),
(764, 'WM34W', NULL, 643, 1, '2024-07-11'),
(765, 'WM34W', NULL, 649, 1, '2024-07-11'),
(766, 'WM34W', NULL, 654, 1, '2024-07-11'),
(767, 'WM34W', NULL, 659, 1, '2024-07-11'),
(768, 'WM34W', NULL, 72, 3, '2024-07-11'),
(769, 'WM34W', NULL, 89, 1, '2024-07-11'),
(770, 'WM34W', NULL, 479, 1, '2024-07-11'),
(771, 'WM34W', NULL, 486, 1, '2024-07-11'),
(772, 'WM34W', NULL, 492, 1, '2024-07-11'),
(773, 'WM34W', NULL, 617, 1, '2024-07-11'),
(774, 'CEB3O', NULL, 379, 1, '2024-07-12'),
(775, 'CEB3O', NULL, 391, 1, '2024-07-12'),
(776, 'CEB3O', NULL, 580, 1, '2024-07-12'),
(777, 'CEB3O', NULL, 583, 1, '2024-07-12'),
(778, 'CEB3O', NULL, 586, 1, '2024-07-12'),
(779, 'CEB3O', NULL, 588, 2, '2024-07-12'),
(780, 'CEB3O', NULL, 589, 1, '2024-07-12'),
(781, 'CEB3O', NULL, 587, 2, '2024-07-12'),
(782, 'CEB3O', NULL, 606, 3, '2024-07-12'),
(783, '4ZR8R', NULL, 549, 1, '2024-07-12'),
(784, '4ZR8R', NULL, 552, 1, '2024-07-12'),
(785, '4ZR8R', NULL, 195, 1, '2024-07-12'),
(786, '4ZR8R', NULL, 194, 1, '2024-07-12'),
(787, '4ZR8R', NULL, 240, 1, '2024-07-12'),
(788, '4ZR8R', NULL, 241, 1, '2024-07-12'),
(789, '4ZR8R', NULL, 364, 4, '2024-07-12'),
(790, '4ZR8R', NULL, 367, 1, '2024-07-12'),
(791, '4ZR8R', NULL, 373, 1, '2024-07-12'),
(792, '4ZR8R', NULL, 481, 1, '2024-07-12'),
(793, '4ZR8R', NULL, 490, 1, '2024-07-12'),
(794, '4ZR8R', NULL, 495, 1, '2024-07-12'),
(795, '4ZR8R', NULL, 500, 1, '2024-07-12'),
(796, '8NWEF', NULL, 80, 3, '2024-07-12'),
(797, '8NWEF', NULL, 20, 1, '2024-07-12'),
(798, '8NWEF', NULL, 19, 2, '2024-07-12'),
(799, '8NWEF', NULL, 111, 2, '2024-07-12'),
(800, '8NWEF', NULL, 126, 1, '2024-07-12'),
(801, '8NWEF', NULL, 186, 1, '2024-07-12'),
(802, 'XRGPJ', NULL, 9, 3, '2024-07-13'),
(803, 'XRGPJ', NULL, 656, 1, '2024-07-13'),
(804, 'XRGPJ', NULL, 653, 1, '2024-07-13'),
(805, 'XRGPJ', NULL, 649, 1, '2024-07-13'),
(806, 'XRGPJ', NULL, 120, 1, '2024-07-13'),
(807, 'XRGPJ', NULL, 125, 1, '2024-07-13'),
(808, 'XRGPJ', NULL, 176, 1, '2024-07-13'),
(809, 'XRGPJ', NULL, 128, 2, '2024-07-13'),
(810, '1XWOI', NULL, 445, 1, '2024-07-13'),
(811, '1XWOI', NULL, 449, 1, '2024-07-13'),
(812, '1XWOI', NULL, 455, 1, '2024-07-13'),
(813, '1XWOI', NULL, 470, 1, '2024-07-13'),
(814, '1XWOI', NULL, 475, 1, '2024-07-13'),
(815, '1XWOI', NULL, 504, 1, '2024-07-13'),
(816, '1XWOI', NULL, 507, 1, '2024-07-13'),
(817, '1XWOI', NULL, 506, 2, '2024-07-13'),
(818, '1XWOI', NULL, 533, 1, '2024-07-13'),
(819, '1XWOI', NULL, 545, 1, '2024-07-13'),
(820, '1XWOI', NULL, 343, 1, '2024-07-13'),
(821, '1XWOI', NULL, 358, 1, '2024-07-13'),
(822, '6OLX7', NULL, 556, 1, '2024-07-13'),
(823, '6OLX7', NULL, 567, 1, '2024-07-13'),
(824, '6OLX7', NULL, 565, 2, '2024-07-13'),
(825, '6OLX7', NULL, 574, 1, '2024-07-13'),
(826, '6OLX7', NULL, 75, 1, '2024-07-13'),
(827, '6OLX7', NULL, 90, 2, '2024-07-13'),
(828, '6OLX7', NULL, 377, 1, '2024-07-13'),
(829, '6OLX7', NULL, 365, 3, '2024-07-13'),
(830, '6OLX7', NULL, 369, 1, '2024-07-13'),
(831, 'CY6QI', NULL, 387, 1, '2024-07-13'),
(832, 'CY6QI', NULL, 394, 1, '2024-07-13'),
(833, 'CY6QI', NULL, 392, 1, '2024-07-13'),
(835, 'JCENL', NULL, 175, 1, '2024-07-13'),
(836, 'JCENL', NULL, 195, 3, '2024-07-13'),
(837, 'JCENL', NULL, 196, 1, '2024-07-13'),
(838, 'JCENL', NULL, 349, 2, '2024-07-13'),
(839, 'DM2Y5', NULL, 618, 1, '2024-07-14'),
(840, 'DM2Y5', NULL, 621, 1, '2024-07-14'),
(841, 'DM2Y5', NULL, 9, 2, '2024-07-14'),
(843, 'DM2Y5', NULL, 182, 2, '2024-07-14'),
(844, 'DM2Y5', NULL, 110, 3, '2024-07-14'),
(845, 'DM2Y5', NULL, 491, 4, '2024-07-14'),
(846, 'DM2Y5', NULL, 517, 4, '2024-07-14'),
(847, 'TDISH', NULL, 392, 2, '2024-07-14'),
(848, 'TDISH', NULL, 14, 2, '2024-07-14'),
(849, 'TDISH', NULL, 88, 2, '2024-07-14'),
(850, 'TDISH', NULL, 545, 3, '2024-07-14'),
(852, 'L4SSU', NULL, 651, 1, '2024-07-15'),
(853, 'L4SSU', NULL, 649, 2, '2024-07-15'),
(854, 'L4SSU', NULL, 117, 1, '2024-07-15'),
(855, 'L4SSU', NULL, 111, 1, '2024-07-15'),
(856, 'ID40Z', NULL, 615, 1, '2024-07-15'),
(857, 'ID40Z', NULL, 622, 1, '2024-07-15'),
(858, 'ID40Z', NULL, 579, 1, '2024-07-15'),
(859, 'ID40Z', NULL, 235, 1, '2024-07-15'),
(860, 'ID40Z', NULL, 236, 1, '2024-07-15'),
(861, 'MORMI', NULL, 440, 1, '2024-07-15'),
(862, 'MORMI', NULL, 447, 1, '2024-07-15'),
(863, 'MORMI', NULL, 550, 1, '2024-07-15'),
(864, 'J43JE', NULL, 550, 1, '2024-07-15'),
(865, 'J43JE', NULL, 383, 1, '2024-07-15'),
(866, 'J43JE', NULL, 110, 1, '2024-07-15'),
(867, 'J43JE', NULL, 115, 1, '2024-07-15'),
(868, 'BHU2E', NULL, 73, 1, '2024-07-16'),
(869, 'BHU2E', NULL, 88, 1, '2024-07-16'),
(870, 'BHU2E', NULL, 89, 1, '2024-07-16'),
(873, 'BHU2E', NULL, 20, 1, '2024-07-16'),
(874, 'BHU2E', NULL, 615, 1, '2024-07-16'),
(875, 'BHU2E', NULL, 235, 1, '2024-07-16'),
(876, 'BHU2E', NULL, 239, 1, '2024-07-16'),
(877, 'Y4O9L', NULL, 441, 2, '2024-07-16'),
(878, '8W5WJ', NULL, 550, 1, '2024-07-16'),
(879, '8W5WJ', NULL, 549, 1, '2024-07-16'),
(880, '8W5WJ', NULL, 553, 1, '2024-07-16'),
(881, '8W5WJ', NULL, 4, 1, '2024-07-16'),
(882, '8W5WJ', NULL, 7, 1, '2024-07-16'),
(883, '8W5WJ', NULL, 616, 1, '2024-07-16'),
(884, 'D2T5N', NULL, 393, 1, '2024-07-16'),
(885, 'D2T5N', NULL, 399, 1, '2024-07-16'),
(886, 'D2T5N', NULL, 640, 1, '2024-07-16'),
(887, 'D2T5N', NULL, 5, 1, '2024-07-16'),
(888, 'D2T5N', NULL, 6, 1, '2024-07-16'),
(889, 'D2T5N', NULL, 8, 1, '2024-07-16'),
(890, 'IASCI', NULL, 9, 200, '2024-08-01'),
(891, 'U3IHR', NULL, 86, 10, '2024-07-17'),
(892, 'U3IHR', NULL, 78, 20, '2024-07-17'),
(893, 'U3IHR', NULL, 75, 20, '2024-07-17'),
(894, 'U3IHR', NULL, 89, 13, '2024-07-17'),
(895, 'U3IHR', NULL, 190, 9, '2024-07-17'),
(896, 'U3IHR', NULL, 474, 11, '2024-07-17'),
(897, '1D9TG', NULL, 382, 10, '2024-07-17'),
(898, '1D9TG', NULL, 591, 15, '2024-07-17'),
(899, '1D9TG', NULL, 195, 20, '2024-07-17'),
(900, '1D9TG', NULL, 13, 15, '2024-07-17'),
(901, '1G052', NULL, 129, 10, '2024-07-17'),
(902, '1G052', NULL, 510, 10, '2024-07-17'),
(903, '1G052', NULL, 495, 5, '2024-07-17'),
(904, '8LGSZ', NULL, 18, 10, '2024-07-17'),
(905, 'U6KWT', NULL, 75, 20, '2024-07-17'),
(906, 'U6KWT', NULL, 181, 10, '2024-07-17'),
(907, 'LXW8A', NULL, 389, 10, '2024-07-17'),
(908, 'LXW8A', NULL, 7, 30, '2024-07-17'),
(910, 'QMY2R', NULL, 80, 15, '2024-07-18'),
(911, 'QMY2R', NULL, 122, 20, '2024-07-18'),
(912, 'QMY2R', NULL, 185, 10, '2024-07-18'),
(913, 'QQHU1', NULL, 391, 8, '2024-07-18'),
(914, 'QQHU1', NULL, 527, 15, '2024-07-18'),
(915, 'QQHU1', NULL, 556, 10, '2024-07-18'),
(916, 'QQHU1', NULL, 364, 10, '2024-07-18'),
(917, '42FIW', NULL, 32, 25, '2024-07-18'),
(918, '42FIW', NULL, 1095, 16, '2024-07-18'),
(919, '42FIW', NULL, 1094, 17, '2024-07-18'),
(920, '42FIW', NULL, 1092, 17, '2024-07-18'),
(921, '42FIW', NULL, 1089, 18, '2024-07-18'),
(925, 'JMYFQ', NULL, 1095, 20, '2024-07-19'),
(926, 'JMYFQ', NULL, 1094, 9, '2024-07-19'),
(927, 'JMYFQ', NULL, 1093, 7, '2024-07-19'),
(928, 'JMYFQ', NULL, 662, 19, '2024-07-19'),
(929, 'JMYFQ', NULL, 1084, 21, '2024-07-19'),
(930, 'PJ2IK', NULL, 465, 11, '2024-07-19'),
(931, 'PJ2IK', NULL, 503, 15, '2024-07-19'),
(932, 'PJ2IK', NULL, 410, 17, '2024-07-19'),
(934, 'PJ2IK', NULL, 373, 25, '2024-07-19'),
(935, 'PJ2IK', NULL, 445, 8, '2024-07-19'),
(936, 'PJ2IK', NULL, 549, 10, '2024-07-19'),
(937, 'XSLDA', NULL, 1092, 15, '2024-07-19'),
(938, 'XSLDA', NULL, 1094, 11, '2024-07-19'),
(939, 'XSLDA', NULL, 1089, 12, '2024-07-19'),
(940, 'XSLDA', NULL, 1086, 12, '2024-07-19'),
(941, 'XSLDA', NULL, 75, 10, '2024-07-19'),
(943, 'XSLDA', NULL, 72, 10, '2024-07-19'),
(944, 'XSLDA', NULL, 73, 5, '2024-07-19'),
(945, 'XSLDA', NULL, 31, 11, '2024-07-19'),
(946, 'XSLDA', NULL, 111, 11, '2024-07-19'),
(947, 'XSLDA', NULL, 600, 11, '2024-07-19'),
(948, 'XSLDA', NULL, 625, 15, '2024-07-19'),
(949, 'XSLDA', NULL, 80, 10, '2024-07-19'),
(950, 'XSLDA', NULL, 1084, 20, '2024-07-19'),
(951, '1ACQX', NULL, 75, 5, '2024-07-19'),
(952, '1ACQX', NULL, 185, 5, '2024-07-19'),
(953, '1ACQX', NULL, 193, 15, '2024-07-19'),
(954, '1ACQX', NULL, 84, 4, '2024-07-19'),
(955, '1ACQX', NULL, 495, 10, '2024-07-19'),
(956, '1ACQX', NULL, 607, 3, '2024-07-19'),
(957, '1ACQX', NULL, 625, 10, '2024-07-19'),
(958, '1ACQX', NULL, 349, 5, '2024-07-19'),
(959, '1ACQX', NULL, 31, 10, '2024-07-19'),
(960, '8JWR3', NULL, 1092, 30, '2024-07-20'),
(961, '8JWR3', NULL, 5, 30, '2024-07-20'),
(962, '8JWR3', NULL, 26, 5, '2024-07-20'),
(963, '8JWR3', NULL, 9, 10, '2024-07-20'),
(964, '8JWR3', NULL, 80, 11, '2024-07-20'),
(965, '8JWR3', NULL, 122, 20, '2024-07-20'),
(966, '8JWR3', NULL, 175, 20, '2024-07-20'),
(967, '8JWR3', NULL, 176, 20, '2024-07-20'),
(968, '8JWR3', NULL, 194, 10, '2024-07-20'),
(969, '9R1QO', NULL, 111, 10, '2024-07-20'),
(970, '9R1QO', NULL, 175, 12, '2024-07-20'),
(973, 'EPWRL', NULL, 84, 15, '2024-07-21'),
(974, 'EPWRL', NULL, 89, 15, '2024-07-21'),
(975, 'EPWRL', NULL, 418, 15, '2024-07-21'),
(976, 'L4FFK', NULL, 126, 10, '2024-07-21'),
(977, 'L4FFK', NULL, 643, 10, '2024-07-21'),
(978, 'L4FFK', NULL, 654, 10, '2024-07-21'),
(979, 'L4FFK', NULL, 650, 15, '2024-07-21'),
(980, 'AUBDQ', NULL, 657, 10, '2024-07-21'),
(981, 'AUBDQ', NULL, 637, 8, '2024-07-21'),
(983, 'CGW8H', NULL, 84, 10, '2024-07-21'),
(984, 'W8BOD', NULL, 398, 10, '2024-07-22'),
(985, 'W8BOD', NULL, 196, 10, '2024-07-22'),
(986, 'W8BOD', NULL, 237, 8, '2024-07-22'),
(987, 'W8BOD', NULL, 130, 10, '2024-07-22'),
(988, 'SCHCM', NULL, 564, 10, '2024-07-22'),
(989, 'SCHCM', NULL, 467, 10, '2024-07-22'),
(990, 'SCHCM', NULL, 503, 10, '2024-07-22'),
(991, 'A4UZL', NULL, 445, 10, '2024-07-22'),
(992, 'A4UZL', NULL, 522, 20, '2024-07-22'),
(993, '5D0OS', NULL, 434, 15, '2024-07-23'),
(994, '5D0OS', NULL, 562, 20, '2024-07-23'),
(995, '5D0OS', NULL, 1093, 30, '2024-07-23'),
(996, 'SDLKD', NULL, 126, 10, '2024-07-23'),
(997, 'SDLKD', NULL, 479, 10, '2024-07-23'),
(998, 'SDLKD', NULL, 495, 15, '2024-07-23'),
(1000, 'R0JXT', NULL, 88, 15, '2024-07-23'),
(1002, 'SRG4I', NULL, 602, 20, '2024-07-24'),
(1003, 'SRG4I', NULL, 571, 40, '2024-07-24'),
(1007, '64GHB', NULL, 1088, 20, '2024-07-24'),
(1008, '64GHB', NULL, 589, 10, '2024-07-24'),
(1009, '64GHB', NULL, 175, 13, '2024-07-24'),
(1010, 'NRZ2W', NULL, 1095, 20, '2024-07-25'),
(1011, 'NRZ2W', NULL, 532, 20, '2024-07-25'),
(1012, 'NRZ2W', NULL, 413, 15, '2024-07-25'),
(1013, 'N755U', NULL, 475, 10, '2024-07-25'),
(1014, 'N755U', NULL, 554, 10, '2024-07-25'),
(1015, '7ZN0Q', NULL, 19, 15, '2024-07-25'),
(1017, 'H3SX3', NULL, 86, 13, '2024-07-26'),
(1018, 'H3SX3', NULL, 1086, 20, '2024-07-26'),
(1019, 'H3SX3', NULL, 1092, 25, '2024-07-26'),
(1020, 'H3SX3', NULL, 379, 15, '2024-07-26'),
(1021, '432GR', NULL, 77, 2, '2024-07-26'),
(1022, '432GR', NULL, 9, 2, '2024-07-26'),
(1023, 'ZKKAI', NULL, 82, 30, '2024-07-27'),
(1024, 'ZKKAI', NULL, 117, 25, '2024-07-27'),
(1025, 'ZKKAI', NULL, 90, 50, '2024-07-27'),
(1026, 'ZKKAI', NULL, 31, 40, '2024-07-27'),
(1027, '1O3ZY', NULL, 237, 20, '2024-07-28'),
(1028, '1O3ZY', NULL, 351, 20, '2024-07-28'),
(1029, '1O3ZY', NULL, 130, 15, '2024-07-28'),
(1030, '1O3ZY', NULL, 383, 10, '2024-07-28'),
(1031, '1O3ZY', NULL, 392, 15, '2024-07-28'),
(1032, '1O3ZY', NULL, 373, 20, '2024-07-28'),
(1034, 'NS5YI', NULL, 515, 19, '2024-07-29'),
(1035, 'NS5YI', NULL, 549, 17, '2024-07-29'),
(1036, 'NS5YI', NULL, 553, 20, '2024-07-29'),
(1037, 'NS5YI', NULL, 241, 25, '2024-07-29'),
(1038, 'G83CM', NULL, 78, 25, '2024-07-30'),
(1039, 'G83CM', NULL, 88, 30, '2024-07-30'),
(1040, 'G83CM', NULL, 633, 30, '2024-07-30'),
(1041, 'G83CM', NULL, 637, 25, '2024-07-30'),
(1042, 'G83CM', NULL, 364, 25, '2024-07-30'),
(1043, 'G83CM', NULL, 374, 15, '2024-07-30'),
(1044, 'G83CM', NULL, 377, 30, '2024-07-30'),
(1045, 'ZJC0H', NULL, 491, 30, '2024-07-31'),
(1046, 'ZJC0H', NULL, 500, 25, '2024-07-31'),
(1047, 'ZJC0H', NULL, 478, 24, '2024-07-31'),
(1048, 'ZJC0H', NULL, 619, 30, '2024-07-31'),
(1049, 'ZJC0H', NULL, 621, 15, '2024-07-31'),
(1050, 'ZJC0H', NULL, 114, 17, '2024-07-31'),
(1051, 'ZJC0H', NULL, 122, 25, '2024-07-31'),
(1052, '2BKWP', NULL, 15, 1, '2024-08-01'),
(1053, '2BKWP', NULL, 8, 1, '2024-08-01'),
(1054, '2BKWP', NULL, 17, 1, '2024-08-01'),
(1055, '2BKWP', NULL, 111, 1, '2024-08-01'),
(1056, '2BKWP', NULL, 129, 1, '2024-08-01'),
(1057, '2BKWP', NULL, 637, 1, '2024-08-01'),
(1058, '2BKWP', NULL, 632, 1, '2024-08-01'),
(1059, '2BKWP', NULL, 654, 1, '2024-08-01'),
(1060, '2BKWP', NULL, 72, 1, '2024-08-01'),
(1061, '4DIC4', NULL, 74, 1, '2024-08-01'),
(1062, '4DIC4', NULL, 88, 1, '2024-08-01'),
(1063, '4DIC4', NULL, 393, 1, '2024-08-01'),
(1064, '4DIC4', NULL, 10, 3, '2024-08-01'),
(1065, '4DIC4', NULL, 452, 1, '2024-08-01'),
(1066, '4DIC4', NULL, 581, 1, '2024-08-01'),
(1067, '4DIC4', NULL, 617, 1, '2024-08-01'),
(1068, 'L2DLE', NULL, 488, 1, '2024-08-01'),
(1069, 'L2DLE', NULL, 554, 2, '2024-08-01'),
(1070, 'L2DLE', NULL, 31, 2, '2024-08-01'),
(1071, 'L2DLE', NULL, 583, 1, '2024-08-01'),
(1072, 'F2GOM', NULL, 73, 3, '2024-08-01'),
(1074, 'FCZLY', NULL, 7, 2, '2024-08-01'),
(1075, 'ZX7PQ', NULL, 8, 2, '2024-08-01'),
(1076, 'PGFQ4', NULL, 110, 1, '2024-08-01'),
(1077, 'TL4UF', NULL, 661, 1, '2024-08-01'),
(1078, '9O9XW', NULL, 8, 1, '2024-08-12'),
(1079, '43FRZ', NULL, 9, 1, '2024-08-12'),
(1080, '43FRZ', NULL, 195, 1, '2024-08-12'),
(1081, 'SB702', NULL, 193, 1, '2024-08-12'),
(1082, 'IOASA', NULL, 194, 1, '2024-08-12'),
(1083, '808W8', NULL, 335, 1, '2024-08-12'),
(1086, 'GUGGE', NULL, 7, 1, '2024-08-12'),
(1088, '84RE1', NULL, 582, 1, '2024-08-12'),
(1089, '84RE1', NULL, 584, 1, '2024-08-12'),
(1090, 'EX4M8', NULL, 584, 1, '2024-08-12'),
(1091, 'EX4M8', NULL, 551, 1, '2024-08-12'),
(1092, 'HRIK3', NULL, 551, 1, '2024-08-12'),
(1094, '3ENDI', NULL, 17, 1, '2024-08-12'),
(1095, '666E3', NULL, 18, 1, '2024-08-12'),
(1096, 'MU474', NULL, 599, 1, '2024-08-12'),
(1097, '2ZJYU', NULL, 129, 1, '2024-08-12'),
(1098, 'F2EYV', NULL, 7, 1, '2024-08-12'),
(1099, '1E9Q7', NULL, 558, 1, '2024-08-12'),
(1100, 'L82SH', NULL, 579, 1, '2024-08-12'),
(1102, '0P1Y9', NULL, 635, 1, '2024-08-13'),
(1103, '0P1Y9', NULL, 633, 1, '2024-08-13'),
(1104, '0P1Y9', NULL, 637, 1, '2024-08-13'),
(1105, 'ZAP6J', NULL, 408, 1, '2024-08-13'),
(1111, 'HBEUW', NULL, 5, 2, '2024-08-13'),
(1112, '6J7WL', NULL, 73, 1, '2024-08-13'),
(1113, '6J7WL', NULL, 3, 1, '2024-08-13'),
(1114, 'I4SPR', NULL, 548, 2, '2024-08-13'),
(1115, 'I4SPR', NULL, 366, 3, '2024-08-13'),
(1116, 'SMH31', NULL, 74, 1, '2024-08-13'),
(1117, 'SMH31', NULL, 370, 1, '2024-08-13'),
(1118, 'YR7OL', NULL, 25, 1, '2024-08-13'),
(1119, 'YR7OL', NULL, 354, 1, '2024-08-13'),
(1120, '3O79W', NULL, 5, 1, '2024-08-13'),
(1124, '39KSU', NULL, 12, 1, '2024-08-20'),
(1127, '2T1TB', NULL, 14, 1, '2024-08-20'),
(1128, '2T1TB', NULL, 455, 1, '2024-08-20'),
(1129, '2T1TB', NULL, 545, 1, '2024-08-20'),
(1130, '2T1TB', NULL, 480, 1, '2024-08-20'),
(1131, '2T1TB', NULL, 564, 1, '2024-08-20'),
(1132, 'TYB26', NULL, 1093, 1, '2024-08-20'),
(1133, 'TYB26', NULL, 235, 1, '2024-08-20'),
(1134, 'N3PLR', NULL, 14, 1, '2024-08-20'),
(1139, 'OYEQS', NULL, 5, 1, '2024-08-21'),
(1147, '196TK', NULL, 364, 1, '2024-08-22'),
(1169, 'BOYLW', NULL, 510, 1, '2024-08-22'),
(1186, 'ZJ0AN', NULL, 573, 1, '2024-08-22'),
(1187, 'ZJ0AN', NULL, 583, 1, '2024-08-22'),
(1188, 'ZJ0AN', NULL, 581, 1, '2024-08-22'),
(1189, 'JAB0K', NULL, 13, 1, '2024-08-22'),
(1190, 'JAB0K', NULL, 16, 1, '2024-08-22'),
(1191, 'JAB0K', NULL, 15, 1, '2024-08-22'),
(1192, '61G01', NULL, 16, 2, '2024-08-23'),
(1193, 'XURYX', NULL, 13, 3, '2024-08-23'),
(1194, 'OMGY0', NULL, 11, 2, '2024-08-23'),
(1195, '7II1X', NULL, 12, 1, '2024-08-23'),
(1196, 'GX629', NULL, 8, 1, '2024-08-23'),
(1197, '0PTK7', NULL, 605, 1, '2024-08-23'),
(1198, '0PTK7', NULL, 482, 3, '2024-08-23'),
(1199, '0PTK7', NULL, 12, 1, '2024-08-23'),
(1200, '0PTK7', NULL, 7, 1, '2024-08-23'),
(1201, '0PTK7', NULL, 8, 2, '2024-08-23'),
(1202, '0PTK7', NULL, 13, 5, '2024-08-23'),
(1203, 'UPJYD', NULL, 13, 1, '2024-08-23'),
(1204, '9264K', NULL, 7, 1, '2024-08-23'),
(1205, 'L7F4X', NULL, 7, 1, '2024-08-23'),
(1206, 'K16GN', NULL, 11, 1, '2024-08-23'),
(1207, 'RWCFO', NULL, 8, 1, '2024-08-23'),
(1208, 'RWCFO', NULL, 9, 1, '2024-08-23'),
(1209, 'E4TAK', NULL, 628, 1, '2024-08-23'),
(1210, 'D9HAK', NULL, 20, 1, '2024-08-23'),
(1211, 'D9HAK', NULL, 18, 1, '2024-08-23'),
(1212, 'Q0DAU', NULL, 447, 1, '2024-08-23'),
(1213, 'Q0DAU', NULL, 629, 1, '2024-08-23'),
(1214, 'W34FP', NULL, 5, 1, '2024-08-23'),
(1215, 'W34FP', NULL, 17, 1, '2024-08-23'),
(1216, 'W34FP', NULL, 12, 1, '2024-08-23'),
(1217, 'QS5YE', NULL, 7, 1, '2024-08-23'),
(1219, '4DPBU', NULL, 17, 1, '2024-08-24'),
(1220, '4DPBU', NULL, 122, 1, '2024-08-24'),
(1221, '4DPBU', NULL, 4, 1, '2024-08-24'),
(1222, '4DPBU', NULL, 15, 1, '2024-08-24'),
(1223, '4DPBU', NULL, 112, 1, '2024-08-24'),
(1224, '4DPBU', NULL, 16, 1, '2024-08-24'),
(1225, '4DPBU', NULL, 7, 1, '2024-08-24'),
(1226, 'R44DK', NULL, 5, 1, '2024-08-24'),
(1227, '33O9Q', NULL, 5, 1, '2024-08-24'),
(1228, 'ACGLS', NULL, 5, 1, '2024-08-24'),
(1229, 'RQ26U', NULL, 13, 1, '2024-08-24'),
(1230, 'RQ26U', NULL, 14, 1, '2024-08-24'),
(1246, '8E3DA', NULL, 5, 1, '2024-08-24'),
(1256, 'WT5ZM', NULL, 3, 1, '2024-08-25'),
(1259, 'XPW65', NULL, 5, 2, '2024-08-25'),
(1260, 'XPW65', NULL, 7, 1, '2024-08-25'),
(1269, 'U5X4G', NULL, 14, 1, '2024-08-25'),
(1270, 'YQEU7', NULL, 3, 1, '2024-08-25'),
(1271, 'N5WOM', NULL, 26, 1, '2024-08-25'),
(1273, 'A80XB', NULL, 2, 4, '2024-08-25'),
(1274, 'A80XB', NULL, 5, 1, '2024-08-25'),
(1275, 'T1F8V', NULL, 2, 1, '2024-08-25'),
(1276, 'PZM9Q', NULL, 2, 1, '2024-08-25'),
(1465, '37MW0', NULL, 7, 1, '2024-08-28'),
(1466, '37MW0', NULL, 9, 1, '2024-08-28'),
(1467, '37MW0', NULL, 122, 1, '2024-08-28'),
(1469, 'ZJS2E', NULL, 440, 1, '2024-08-28'),
(1470, 'ZJS2E', NULL, 443, 3, '2024-08-28'),
(1473, 'FQU3Y', NULL, 3, 1, '2024-08-28'),
(1475, 'PSR0K', NULL, 4, 1, '2024-08-28'),
(1476, 'PSR0K', NULL, 5, 1, '2024-08-28'),
(1478, 'SI4OX', NULL, 4, 1, '2024-08-28'),
(1480, '7AG59', NULL, 7, 1, '2024-08-28'),
(1484, 'OM6HD', NULL, 73, 1, '2024-08-29'),
(1485, 'OM6HD', NULL, 4, 1, '2024-08-29'),
(1487, 'L8QPM', NULL, 110, 1, '2024-08-29'),
(1489, 'YXYZS', NULL, 648, 1, '2024-08-29'),
(1491, '8EX3Y', NULL, 650, 1, '2024-08-29'),
(1495, '8CVXA', NULL, 9, 1, '2024-08-29'),
(1496, '8CVXA', NULL, 2, 1, '2024-08-29'),
(1498, 'W0JA8', NULL, 648, 1, '2024-08-29'),
(1500, '2NLXZ', NULL, 9, 1, '2024-08-29'),
(1502, '2P85G', NULL, 2, 1, '2024-08-29'),
(1504, 'JK8I6', NULL, 7, 2, '2024-08-29'),
(1506, 'KOXXW', NULL, 9, 1, '2024-08-29'),
(1507, 'KOXXW', NULL, 480, 2, '2024-08-29'),
(1508, 'KOXXW', NULL, 487, 2, '2024-08-29'),
(1509, 'KOXXW', NULL, 539, 1, '2024-08-29'),
(1510, 'KOXXW', NULL, 433, 1, '2024-08-29'),
(1511, 'KOXXW', NULL, 440, 1, '2024-08-29'),
(1512, '993VS', NULL, 4, 1, '2024-08-29'),
(1513, '993VS', NULL, 10, 1, '2024-08-29'),
(1515, 'EAWMB', NULL, 9, 1, '2024-08-29'),
(1516, 'EAWMB', NULL, 16, 1, '2024-08-29'),
(1517, 'EAWMB', NULL, 509, 1, '2024-08-29'),
(1519, 'LX5WT', NULL, 465, 1, '2024-08-29'),
(1520, 'LX5WT', NULL, 468, 1, '2024-08-29'),
(1521, 'LX5WT', NULL, 474, 1, '2024-08-29'),
(1523, 'FONKV', NULL, 13, 2, '2024-08-29'),
(1524, 'FONKV', NULL, 549, 1, '2024-08-29'),
(1526, 'HKDHS', NULL, 494, 2, '2024-08-29'),
(1527, 'HKDHS', NULL, 498, 1, '2024-08-29'),
(1528, 'HKDHS', NULL, 506, 1, '2024-08-29'),
(1530, 'G3X4M', NULL, 16, 1, '2024-08-29'),
(1531, 'G3X4M', NULL, 15, 1, '2024-08-29'),
(1532, 'G3X4M', NULL, 364, 1, '2024-08-29'),
(1533, 'G3X4M', NULL, 381, 1, '2024-08-29'),
(1535, 'YDIK6', NULL, 13, 1, '2024-08-29'),
(1536, 'YDIK6', NULL, 7, 1, '2024-08-29'),
(1537, 'YDIK6', NULL, 2, 1, '2024-08-29'),
(1538, 'YDIK6', NULL, 5, 1, '2024-08-29'),
(1539, 'YDIK6', NULL, 584, 1, '2024-08-29'),
(1540, 'YDIK6', NULL, 611, 1, '2024-08-29'),
(1542, '0UWEP', NULL, 479, 1, '2024-08-29'),
(1543, '0UWEP', NULL, 480, 1, '2024-08-29'),
(1544, '0UWEP', NULL, 482, 1, '2024-08-29'),
(1546, 'SD0TE', NULL, 15, 1, '2024-08-29'),
(1547, 'SD0TE', NULL, 432, 1, '2024-08-29'),
(1548, 'SD0TE', NULL, 439, 1, '2024-08-29'),
(1550, 'FU969', NULL, 510, 1, '2024-08-29'),
(1551, 'FU969', NULL, 515, 1, '2024-08-29'),
(1552, 'FU969', NULL, 520, 1, '2024-08-29'),
(1554, 'KL0P5', NULL, 491, 1, '2024-08-29'),
(1555, 'KL0P5', NULL, 585, 1, '2024-08-29'),
(1556, 'KL0P5', NULL, 590, 1, '2024-08-29'),
(1557, 'KL0P5', NULL, 596, 1, '2024-08-29'),
(1559, 'QYEKC', NULL, 4, 1, '2024-08-29'),
(1560, 'QYEKC', NULL, 9, 1, '2024-08-29'),
(1561, 'QYEKC', NULL, 15, 1, '2024-08-29'),
(1563, 'NH5KM', NULL, 478, 1, '2024-08-29'),
(1564, 'NH5KM', NULL, 486, 1, '2024-08-29'),
(1565, 'NH5KM', NULL, 490, 1, '2024-08-29'),
(1567, 'PS7Y9', NULL, 3, 1, '2024-08-29'),
(1568, 'PS7Y9', NULL, 448, 1, '2024-08-29'),
(1569, 'PS7Y9', NULL, 459, 1, '2024-08-29'),
(1570, 'PS7Y9', NULL, 479, 1, '2024-08-29'),
(1571, 'PS7Y9', NULL, 490, 1, '2024-08-29'),
(1572, 'PS7Y9', NULL, 418, 1, '2024-08-29'),
(1574, 'SL8NI', NULL, 343, 1, '2024-08-29'),
(1575, 'SL8NI', NULL, 351, 1, '2024-08-29'),
(1576, 'SL8NI', NULL, 349, 1, '2024-08-29'),
(1577, 'SL8NI', NULL, 354, 1, '2024-08-29'),
(1578, 'SL8NI', NULL, 360, 1, '2024-08-29'),
(1580, '5S93U', NULL, 354, 1, '2024-08-29'),
(1581, '5S93U', NULL, 366, 1, '2024-08-29'),
(1582, '5S93U', NULL, 368, 1, '2024-08-29'),
(1584, 'THIH6', NULL, 479, 1, '2024-08-29'),
(1585, 'THIH6', NULL, 490, 1, '2024-08-29'),
(1586, 'THIH6', NULL, 488, 1, '2024-08-29'),
(1588, 'K0XWJ', NULL, 178, 1, '2024-08-29'),
(1589, 'K0XWJ', NULL, 181, 1, '2024-08-29'),
(1590, 'K0XWJ', NULL, 189, 1, '2024-08-29'),
(1592, 'K7GQ8', NULL, 122, 1, '2024-08-29'),
(1593, 'K7GQ8', NULL, 129, 1, '2024-08-29'),
(1594, 'K7GQ8', NULL, 131, 1, '2024-08-29'),
(1596, 'A3B50', NULL, 237, 1, '2024-08-29'),
(1597, 'A3B50', NULL, 338, 1, '2024-08-29'),
(1598, 'A3B50', NULL, 350, 1, '2024-08-29'),
(1600, '8VLSQ', NULL, 13, 1, '2024-08-29'),
(1601, '8VLSQ', NULL, 376, 1, '2024-08-29'),
(1602, '8VLSQ', NULL, 382, 1, '2024-08-29'),
(1603, 'H3FZU', NULL, 449, 1, '2024-08-29'),
(1604, 'H3FZU', NULL, 490, 1, '2024-08-29'),
(1605, 'H3FZU', NULL, 586, 1, '2024-08-29'),
(1606, 'H3FZU', NULL, 590, 1, '2024-08-29'),
(1607, 'SIDX1', NULL, 3, 1, '2024-08-29'),
(1608, 'SIDX1', NULL, 10, 1, '2024-08-29'),
(1609, 'SIDX1', NULL, 16, 1, '2024-08-29'),
(1610, 'ZOWV6', NULL, 3, 1, '2024-09-01'),
(1612, 'KHZNF', NULL, 2, 1, '2024-09-02'),
(1616, '3KBCS', NULL, 9, 1, '2024-09-02'),
(1618, 'YRN2E', NULL, 2, 1, '2024-09-02'),
(1619, 'YRN2E', NULL, 3, 1, '2024-09-02'),
(1620, '33KXG', NULL, 2, 1, '2024-09-02'),
(1622, 'XIS22', NULL, 3, 1, '2024-09-02'),
(1623, 'QFCBS', NULL, 4, 1, '2024-09-02'),
(1624, 'QFCBS', NULL, 5, 1, '2024-09-02'),
(1625, '11077', NULL, 3, 1, '2024-09-02'),
(1626, 'D219G', NULL, 649, 1, '2024-09-02'),
(1627, 'D219G', NULL, 239, 1, '2024-09-02'),
(1628, 'D219G', NULL, 655, 1, '2024-09-02'),
(1629, '96ZKE', NULL, 9, 1, '2024-09-02'),
(1630, '96ZKE', NULL, 10, 1, '2024-09-02'),
(1631, '96ZKE', NULL, 15, 1, '2024-09-02'),
(1632, 'WJI53', NULL, 2, 1, '2024-09-02'),
(1633, 'O8X4W', NULL, 2, 1, '2024-09-02'),
(1634, 'O8X4W', NULL, 503, 1, '2024-09-02'),
(1635, '10OHF', NULL, 9, 1, '2024-09-02'),
(1636, '10OHF', NULL, 14, 1, '2024-09-02'),
(1637, 'IORAG', NULL, 4, 1, '2024-09-02'),
(1638, '5ZPM6', NULL, 2, 1, '2024-09-02'),
(1639, '5ZPM6', NULL, 5, 1, '2024-09-02'),
(1641, 'AKAVA', NULL, 495, 1, '2024-09-02'),
(1642, 'AKAVA', NULL, 73, 1, '2024-09-02'),
(1643, 'Q2VFE', NULL, 4, 1, '2024-09-02'),
(1644, 'Q2VFE', NULL, 501, 1, '2024-09-02'),
(1645, 'JS30Q', NULL, 9, 2, '2024-09-02'),
(1647, 'OXUXX', 107, 583, 1, '2024-09-02'),
(1648, 'OXUXX', 107, 5, 1, '2024-09-02'),
(1649, 'OXUXX', 107, 340, 1, '2024-09-02'),
(1650, 'OXUXX', 107, 356, 1, '2024-09-02'),
(1651, 'NHNZW', NULL, 4, 1, '2024-09-02'),
(1652, 'NHNZW', NULL, 384, 1, '2024-09-02'),
(1653, 'NHNZW', NULL, 421, 1, '2024-09-02'),
(1654, 'C99FZ', NULL, 4, 1, '2024-09-02'),
(1655, 'C99FZ', NULL, 400, 1, '2024-09-02'),
(1656, 'C99FZ', NULL, 401, 1, '2024-09-02'),
(1657, 'QFF79', NULL, 7, 1, '2024-09-02'),
(1658, 'QFF79', NULL, 608, 1, '2024-09-02'),
(1659, 'QFF79', NULL, 602, 1, '2024-09-02'),
(1661, 'YJ145', NULL, 5, 1, '2024-09-02'),
(1662, '65MZG', NULL, 3, 1, '2024-09-02'),
(1663, '65MZG', NULL, 642, 1, '2024-09-02'),
(1664, '65MZG', NULL, 10, 1, '2024-09-02'),
(1665, 'DF3W0', NULL, 3, 1, '2024-09-02'),
(1666, 'SGT5J', NULL, 4, 1, '2024-09-02'),
(1667, 'SGT5J', NULL, 5, 1, '2024-09-02'),
(1668, 'NJASP', NULL, 14, 1, '2024-09-02'),
(1669, '2TGYY', NULL, 7, 1, '2024-09-02'),
(1670, '2TGYY', NULL, 582, 1, '2024-09-02'),
(1671, '2TGYY', NULL, 195, 1, '2024-09-02'),
(1672, '2TGYY', NULL, 196, 1, '2024-09-02'),
(1673, '2TGYY', NULL, 441, 1, '2024-09-02');
INSERT INTO `selection_order` (`s_id`, `t_id`, `r_id`, `food_id`, `quantity`, `date`) VALUES
(1674, '2TGYY', NULL, 337, 1, '2024-09-02'),
(1676, '4ZH81', 122, 552, 1, '2024-09-03'),
(1677, '4ZH81', 122, 367, 1, '2024-09-03'),
(1678, '4ZH81', 122, 381, 1, '2024-09-03'),
(1679, 'QDIFZ', NULL, 5, 1, '2024-09-04'),
(1680, 'QDIFZ', NULL, 10, 1, '2024-09-04'),
(1681, 'WK9DI', NULL, 110, 1, '2024-09-04'),
(1682, 'WK9DI', NULL, 5, 1, '2024-09-04'),
(1683, 'WK9DI', NULL, 11, 1, '2024-09-04'),
(1685, '60F1A', NULL, 5, 1, '2024-09-04'),
(1687, 'RH2UC', 125, 631, 1, '2024-09-04'),
(1688, 'RH2UC', 125, 632, 1, '2024-09-04'),
(1689, '2ESI9', NULL, 509, 1, '2024-09-04'),
(1690, '2ESI9', NULL, 511, 1, '2024-09-04'),
(1692, 'TVFA5', 127, 11, 1, '2024-09-04'),
(1693, '89NHO', NULL, 9, 3, '2024-09-04'),
(1694, '89NHO', NULL, 16, 1, '2024-09-04'),
(1696, 'DVDJ4', NULL, 441, 1, '2024-09-04'),
(1697, 'DVDJ4', NULL, 442, 2, '2024-09-04'),
(1699, '6IKF7', NULL, 110, 2, '2024-09-04'),
(1700, '6IKF7', NULL, 73, 1, '2024-09-04'),
(1702, '2TGBT', NULL, 7, 1, '2024-09-04'),
(1703, '2TGBT', NULL, 122, 1, '2024-09-04'),
(1705, 'WZ534', NULL, 581, 1, '2024-09-04'),
(1706, 'WZ534', NULL, 583, 1, '2024-09-04'),
(1708, 'O11ZX', NULL, 7, 1, '2024-09-04'),
(1709, 'O11ZX', NULL, 72, 1, '2024-09-04'),
(1711, 'YLEUN', NULL, 634, 1, '2024-09-04'),
(1712, 'YLEUN', NULL, 379, 1, '2024-09-04'),
(1714, 'S7IVE', NULL, 9, 1, '2024-09-04'),
(1716, 'GAUQZ', NULL, 9, 1, '2024-09-04'),
(1717, 'GAUQZ', NULL, 652, 1, '2024-09-04'),
(1718, 'GAUQZ', NULL, 194, 1, '2024-09-04'),
(1720, 'UVR15', NULL, 381, 1, '2024-09-04'),
(1721, 'UVR15', NULL, 480, 1, '2024-09-04'),
(1723, 'CI4SB', NULL, 438, 1, '2024-09-04'),
(1724, 'CI4SB', NULL, 365, 2, '2024-09-04'),
(1726, 'B1CZ6', NULL, 639, 1, '2024-09-04'),
(1727, 'B1CZ6', NULL, 649, 1, '2024-09-04'),
(1729, 'DLQLM', NULL, 477, 1, '2024-09-04'),
(1730, 'DLQLM', NULL, 7, 1, '2024-09-04'),
(1732, 'VK4TR', NULL, 616, 1, '2024-09-04'),
(1733, 'VK4TR', NULL, 620, 1, '2024-09-04'),
(1735, 'KALTO', NULL, 3, 2, '2024-09-04'),
(1736, 'KALTO', NULL, 72, 2, '2024-09-04'),
(1738, 'ZB4AV', NULL, 6, 1, '2024-09-04'),
(1739, 'ZB4AV', NULL, 620, 1, '2024-09-04'),
(1741, 'BF6CO', NULL, 442, 1, '2024-09-04'),
(1743, 'P6LVA', NULL, 113, 1, '2024-09-04'),
(1744, 'P6LVA', NULL, 384, 2, '2024-09-04'),
(1746, 'B7WQU', NULL, 581, 1, '2024-09-04'),
(1747, 'B7WQU', NULL, 9, 1, '2024-09-04'),
(1749, '0PPR7', NULL, 337, 2, '2024-09-04'),
(1750, '0PPR7', NULL, 338, 1, '2024-09-04'),
(1751, '0PPR7', NULL, 7, 2, '2024-09-04'),
(1753, 'TEQMC', NULL, 15, 2, '2024-09-04'),
(1754, 'TEQMC', NULL, 650, 1, '2024-09-04'),
(1756, '610U8', 128, 386, 1, '2024-09-04'),
(1757, 'QV8UY', 130, 17, 1, '2024-09-04'),
(1758, 'QV8UY', 130, 479, 1, '2024-09-04'),
(1759, 'N6GUW', NULL, 72, 1, '2024-09-04'),
(1760, 'N6GUW', NULL, 362, 1, '2024-09-04'),
(1761, '8HCSS', NULL, 115, 1, '2024-09-04'),
(1762, '8HCSS', NULL, 552, 1, '2024-09-04'),
(1763, 'DQN3K', 134, 480, 1, '2024-09-04'),
(1764, 'DQN3K', 134, 381, 1, '2024-09-04'),
(1765, 'DQN3K', 134, 11, 2, '2024-09-04'),
(1766, 'GP404', NULL, 10, 2, '2024-09-04'),
(1767, 'GP404', NULL, 11, 1, '2024-09-04'),
(1768, 'GP404', NULL, 410, 1, '2024-09-04'),
(1769, 'GP404', NULL, 651, 1, '2024-09-04'),
(1771, 'E8E9Y', 136, 4, 1, '2024-09-04'),
(1772, 'E8E9Y', 136, 6, 1, '2024-09-04'),
(1773, '0RWX6', NULL, 9, 1, '2024-09-05'),
(1775, 'OXLL8', NULL, 400, 1, '2024-09-05'),
(1776, 'OXLL8', NULL, 6, 1, '2024-09-05'),
(1777, 'OXLL8', NULL, 28, 1, '2024-09-05'),
(1779, 'VMDBC', 138, 72, 2, '2024-09-05'),
(1780, 'VMDBC', 138, 11, 2, '2024-09-05'),
(1781, 'OB7W7', 139, 488, 5, '2024-09-05'),
(1782, 'HWV58', NULL, 2, 1, '2024-09-05'),
(1783, 'HWV58', NULL, 4, 1, '2024-09-05'),
(1785, 'T7W7N', 144, 482, 2, '2024-09-05'),
(1786, 'HAAEP', NULL, 4, 1, '2024-09-05'),
(1787, 'HAAEP', NULL, 5, 1, '2024-09-05'),
(1788, 'HAAEP', NULL, 477, 1, '2024-09-05'),
(1789, 'HAAEP', NULL, 551, 1, '2024-09-05'),
(1791, 'QHTQQ', NULL, 4, 1, '2024-09-05'),
(1793, 'RMPL0', 146, 9, 1, '2024-09-05'),
(1794, 'PGR6Q', NULL, 3, 1, '2024-09-05'),
(1795, 'PGR6Q', NULL, 5, 1, '2024-09-05'),
(1796, 'PGR6Q', NULL, 110, 1, '2024-09-05'),
(1797, 'PGR6Q', NULL, 9, 1, '2024-09-05'),
(1799, 'IDSNM', NULL, 3, 1, '2024-09-05'),
(1801, 'W97C9', NULL, 3, 1, '2024-09-05'),
(1803, '9YZ4O', NULL, 615, 1, '2024-09-05'),
(1805, 'XBASK', NULL, 481, 1, '2024-09-05'),
(1807, 'LO62R', 152, 5, 1, '2024-09-05'),
(1808, 'LO62R', 152, 555, 1, '2024-09-05'),
(1809, 'LMVZH', NULL, 5, 1, '2024-09-05'),
(1810, 'LMVZH', NULL, 482, 2, '2024-09-05'),
(1811, 'LMVZH', NULL, 600, 2, '2024-09-05'),
(1812, 'LMVZH', NULL, 632, 1, '2024-09-05'),
(1813, 'LMVZH', NULL, 637, 1, '2024-09-05'),
(1815, '1CY4D', NULL, 566, 1, '2024-08-05'),
(1816, '1CY4D', NULL, 521, 1, '2024-08-05'),
(1817, '1CY4D', NULL, 384, 1, '2024-08-05'),
(1818, '1CY4D', NULL, 382, 2, '2024-08-05'),
(1819, '1CY4D', NULL, 381, 1, '2024-08-05'),
(1821, 'P7ZTR', 153, 3, 1, '2024-09-05'),
(1822, '1BRGB', NULL, 15, 2, '2024-09-06'),
(1823, '1BRGB', NULL, 27, 2, '2024-09-06'),
(1824, '1BRGB', NULL, 388, 1, '2024-09-06'),
(1826, 'NKFCW', NULL, 381, 1, '2024-09-06'),
(1828, '1OARD', NULL, 3, 1, '2024-09-06'),
(1830, '1DXLT', NULL, 379, 2, '2024-09-06'),
(1832, '7COVV', NULL, 648, 2, '2024-09-06'),
(1834, 'DPVWZ', 154, 5, 2, '2024-09-06'),
(1835, 'RPWZX', 156, 196, 1, '2024-09-06'),
(1836, 'RPWZX', 156, 195, 1, '2024-09-06'),
(1837, 'RPWZX', 156, 236, 1, '2024-09-06'),
(1838, 'RPWZX', 156, 649, 1, '2024-09-06'),
(1839, 'RPWZX', 156, 651, 1, '2024-09-06'),
(1840, 'IDIB7', NULL, 4, 2, '2024-09-06'),
(1841, 'IDIB7', NULL, 8, 1, '2024-09-06'),
(1843, 'M8RU7', NULL, 10, 2, '2024-09-06'),
(1845, 'LULCB', NULL, 3, 2, '2024-09-06'),
(1847, 'NEAT5', 158, 4, 1, '2024-09-06'),
(1848, 'SGWOZ', NULL, 2, 2, '2024-09-06'),
(1850, '19PL1', NULL, 618, 1, '2024-09-06'),
(1851, '19PL1', NULL, 10, 3, '2024-09-06'),
(1853, 'IBW24', 159, 10, 1, '2024-09-06'),
(1854, 'IBW24', 159, 16, 1, '2024-09-06'),
(1855, 'TN6B3', NULL, 7, 1, '2024-09-06'),
(1856, 'TN6B3', NULL, 651, 1, '2024-09-06'),
(1858, 'R0U5R', NULL, 617, 2, '2024-09-06'),
(1860, 'QHG56', 161, 10, 1, '2024-09-06'),
(1861, 'QHG56', 161, 6, 1, '2024-09-06'),
(1862, 'TISUW', NULL, 481, 1, '2024-09-06'),
(1863, 'TISUW', NULL, 15, 1, '2024-09-06'),
(1864, 'TISUW', NULL, 420, 1, '2024-09-06'),
(1866, '646XC', 162, 5, 1, '2024-09-06'),
(1867, 'PLXZL', NULL, 335, 2, '2024-09-06'),
(1868, 'PLXZL', NULL, 4, 1, '2024-09-06'),
(1870, 'K7BRO', 163, 5, 1, '2024-09-06'),
(1871, 'K7BRO', 163, 16, 1, '2024-09-06'),
(1872, '6G75P', NULL, 639, 1, '2024-09-06'),
(1873, '6G75P', NULL, 9, 2, '2024-09-06'),
(1875, '77KFU', NULL, 5, 1, '2024-09-06'),
(1877, 'AD7OT', 164, 8, 1, '2024-09-06'),
(1878, 'AD7OT', 164, 180, 1, '2024-09-06'),
(1879, 'VD6FE', NULL, 617, 2, '2024-09-06'),
(1880, 'VD6FE', NULL, 5, 1, '2024-09-06'),
(1882, 'FCQYO', 165, 8, 1, '2024-09-06'),
(1883, 'FCQYO', 165, 10, 1, '2024-09-06'),
(1884, 'DDL7N', NULL, 381, 2, '2024-09-06'),
(1885, 'DDL7N', NULL, 6, 2, '2024-09-06'),
(1886, 'DDL7N', NULL, 122, 1, '2024-09-06'),
(1888, '197CN', 166, 9, 1, '2024-09-06'),
(1889, '7QITN', NULL, 110, 1, '2024-09-07'),
(1890, '7QITN', NULL, 401, 2, '2024-09-07'),
(1891, '7QITN', NULL, 629, 1, '2024-09-07'),
(1892, '7QITN', NULL, 583, 3, '2024-09-07'),
(1893, '7QITN', NULL, 581, 1, '2024-09-07'),
(1894, '7QITN', NULL, 4, 2, '2024-09-07'),
(1895, '7QITN', NULL, 7, 1, '2024-09-07');

-- --------------------------------------------------------

--
-- Table structure for table `staff`
--

CREATE TABLE `staff` (
  `staff_id` int(11) NOT NULL,
  `staff_name` varchar(100) DEFAULT NULL,
  `contact_number` varchar(20) DEFAULT NULL,
  `address` varchar(255) DEFAULT NULL,
  `position` varchar(50) DEFAULT NULL,
  `date_hired` date DEFAULT NULL,
  `active` tinyint(1) DEFAULT NULL,
  `salary` decimal(10,2) DEFAULT NULL
) ENGINE=InnoDB DEFAULT CHARSET=utf8 COLLATE=utf8_general_ci;

--
-- Dumping data for table `staff`
--

INSERT INTO `staff` (`staff_id`, `staff_name`, `contact_number`, `address`, `position`, `date_hired`, `active`, `salary`) VALUES
(1, 'Yamin', '09258768955', 'yangon', 'Manger', '2024-06-04', 0, 450000.00),
(2, 'Ei Hmwe', '09258768922', 'Magway', 'Chef', '2024-08-17', 1, 500000.00),
(3, 'Myat Noe', '09768768922', 'Mandalay', 'Accountant', '2024-08-16', 0, 400000.00),
(5, 'Wah Wah', '09258768955', 'Mandalay', 'Manger', '2024-09-06', 1, 350000.00);

-- --------------------------------------------------------

--
-- Table structure for table `system_admin`
--

CREATE TABLE `system_admin` (
  `admin_id` int(10) UNSIGNED NOT NULL,
  `admin_name` varchar(50) NOT NULL,
  `admin_email` varchar(200) NOT NULL,
  `admin_password` varchar(50) NOT NULL
) ENGINE=InnoDB DEFAULT CHARSET=utf8 COLLATE=utf8_general_ci;

--
-- Dumping data for table `system_admin`
--

INSERT INTO `system_admin` (`admin_id`, `admin_name`, `admin_email`, `admin_password`) VALUES
(1, 'angel', 'system@gmail.com', '866553e82081b30de43d979f8ab68f46453f2db4');

-- --------------------------------------------------------

--
-- Table structure for table `tables`
--

CREATE TABLE `tables` (
  `TableID` int(11) NOT NULL,
  `tableQR` varchar(30) DEFAULT NULL,
  `SeatingCapacity` int(11) DEFAULT NULL,
  `Description` varchar(255) DEFAULT NULL,
  `IsAvailable` tinyint(4) DEFAULT 1,
  `table_status` enum('reserved','not_reserved') NOT NULL DEFAULT 'not_reserved'
) ENGINE=InnoDB DEFAULT CHARSET=utf8 COLLATE=utf8_general_ci;

--
-- Dumping data for table `tables`
--

INSERT INTO `tables` (`TableID`, `tableQR`, `SeatingCapacity`, `Description`, `IsAvailable`, `table_status`) VALUES
(1, '1.png', 4, 'Small round table near the window', 1, 'not_reserved'),
(2, '2.png', 2, 'couple table', 1, 'not_reserved'),
(3, '3.png', 3, 'Cozy corner table with a view', 1, 'not_reserved'),
(4, '4.png', 9, 'Long table  ideal for groups', 1, 'not_reserved'),
(5, '5.png', 4, 'Small round table', 0, 'not_reserved'),
(6, '6.png', 6, 'Circular table  in the garden view', 0, 'not_reserved'),
(7, '7.png', 4, 'Square table  in the private dining section', 1, 'not_reserved'),
(8, '8.png', 10, 'Large rectangular table in the VIP section', 1, 'not_reserved'),
(9, '9.png', 6, 'Rectangular table  with a city view', 0, 'not_reserved'),
(10, '10.png', 8, 'Small round table', 1, 'not_reserved'),
(11, '11.png', 5, 'Circular table  with garden view', 1, 'not_reserved'),
(12, '12.png', 4, 'Square table  with a view of the park', 0, 'not_reserved'),
(13, '13.png', 6, 'Round table near live steam music stage', 1, 'not_reserved'),
(14, '14.png', 4, 'Square table in the main dining area', 1, 'not_reserved'),
(15, '15.png', 6, 'Round table near the live music stage', 1, 'not_reserved'),
(16, '16.png', 2, 'Small  table  by the window', 1, 'not_reserved'),
(17, 'qrcodes/17.png', 6, 'round table', 1, 'not_reserved'),
(18, '18.png', 15, 'party room', 1, 'not_reserved'),
(19, '19.png', 10, 'couple table with romantic dinning room', 1, 'not_reserved'),
(20, '20.png', 4, 'square table', 1, 'not_reserved'),
(21, '21.png', 4, 'big round table', 1, 'not_reserved');

-- --------------------------------------------------------

--
-- Table structure for table `transaction`
--

CREATE TABLE `transaction` (
  `tid` varchar(200) NOT NULL,
  `tableId` int(11) DEFAULT NULL,
  `t_total` int(11) NOT NULL,
  `payment_status` enum('paid','notpaid') NOT NULL,
  `tran_date` date DEFAULT current_timestamp(),
  `Finish` tinyint(4) DEFAULT 0
) ENGINE=InnoDB DEFAULT CHARSET=utf8 COLLATE=utf8_general_ci;

--
-- Dumping data for table `transaction`
--

INSERT INTO `transaction` (`tid`, `tableId`, `t_total`, `payment_status`, `tran_date`, `Finish`) VALUES
('040SE', 7, 3500, 'paid', '2024-07-30', 1),
('07DDQ', 2, 8000, 'paid', '2024-07-25', 1),
('0HBGN', 12, 18800, 'paid', '2024-07-25', 1),
('0MDKO', 13, 28100, 'paid', '2024-07-09', 1),
('0P1Y9', 1, 13500, 'paid', '2024-08-13', 1),
('0PPR7', 15, 14000, 'paid', '2024-09-04', 1),
('0PTK7', 12, 42300, 'paid', '2024-08-23', 1),
('0RWX6', 18, 2000, 'paid', '2024-09-05', 1),
('0UWEP', 12, 10000, 'paid', '2024-08-29', 1),
('10OHF', 2, 4800, 'paid', '2024-09-02', 1),
('10YIC', 11, 27000, 'paid', '2024-07-01', 1),
('11077', 2, 2800, 'paid', '2024-09-02', 1),
('142LO', 14, 41600, 'paid', '2024-07-10', 1),
('14M4V', 3, 8500, 'paid', '2024-07-25', 1),
('196TK', 4, 13800, 'paid', '2024-08-22', 1),
('197CN', 2, 2000, 'paid', '2024-09-06', 1),
('19PL1', 8, 12400, 'paid', '2024-09-06', 1),
('1ACQX', 15, 271500, 'paid', '2024-07-19', 1),
('1BRGB', NULL, 26600, 'notpaid', '2024-09-06', 0),
('1CY4D', 2, 88500, 'paid', '2024-08-05', 1),
('1D9TG', 10, 400000, 'paid', '2024-07-17', 1),
('1DXLT', 19, 40000, 'paid', '2024-09-06', 1),
('1E9Q7', 6, 4000, 'paid', '2024-08-12', 1),
('1G052', 5, 125000, 'paid', '2024-07-17', 1),
('1K1VS', 5, 122500, 'paid', '2024-07-24', 1),
('1O3ZY', 13, 915000, 'paid', '2024-07-28', 1),
('1OARD', 2, 2800, 'paid', '2024-09-06', 1),
('1QX8L', 10, 43000, 'paid', '2024-07-02', 1),
('1WE0V', 14, 15800, 'paid', '2024-07-11', 1),
('1XBKY', 11, 32000, 'paid', '2024-07-09', 1),
('1XWOI', 1, 76000, 'paid', '2024-07-13', 1),
('21RMS', 10, 10500, 'paid', '2024-07-25', 1),
('24NQY', 11, 22000, 'paid', '2024-07-11', 1),
('2A2EJ', 1, 3000, 'paid', '2024-08-25', 1),
('2BKWP', 14, 35600, 'paid', '2024-08-01', 1),
('2ESI9', 1, 13000, 'paid', '2024-09-04', 1),
('2NLXZ', 7, 2000, 'paid', '2024-08-29', 1),
('2P85G', 7, 3000, 'paid', '2024-08-29', 1),
('2T1TB', 8, 24600, 'paid', '2024-08-20', 1),
('2TGBT', 7, 6500, 'paid', '2024-09-04', 1),
('2TGYY', 10, 31000, 'paid', '2024-09-02', 1),
('2ZJYU', 2, 4500, 'paid', '2024-08-12', 1),
('33KXG', 18, 3000, 'paid', '2024-09-02', 1),
('33O9Q', 1, 2000, 'paid', '2024-08-24', 1),
('33PWA', 6, 14600, 'paid', '2024-08-01', 1),
('37MW0', NULL, 8500, 'notpaid', '2024-08-28', 0),
('39KSU', NULL, 2800, 'paid', '2024-08-20', 1),
('3ENDI', 10, 2800, 'paid', '2024-08-12', 1),
('3G9SD', 1, 12000, 'paid', '2024-07-30', 1),
('3KBCS', 2, 2000, 'paid', '2024-09-02', 1),
('3O79W', 2, 2000, 'paid', '2024-08-13', 1),
('3QGEP', 2, 60000, 'paid', '2024-07-04', 1),
('3X1I4', 1, 3000, 'paid', '2024-08-25', 1),
('42FIW', 15, 190000, 'paid', '2024-07-18', 1),
('432GR', 16, 13000, 'paid', '2024-07-26', 1),
('43FRZ', 6, 5000, 'paid', '2024-08-12', 1),
('43Y5Q', 8, 27500, 'paid', '2024-07-25', 1),
('448WQ', 10, 22000, 'paid', '2024-07-03', 1),
('4DIC4', 15, 55400, 'paid', '2024-08-01', 1),
('4DPBU', 1, 21400, 'paid', '2024-08-24', 1),
('4PH2V', 10, 10000, 'paid', '2024-07-22', 1),
('4U30W', 12, 15000, 'paid', '2024-07-11', 1),
('4VWX1', 3, 12000, 'paid', '2024-07-25', 1),
('4VZK1', 9, 16000, 'paid', '2024-07-08', 1),
('4ZH81', 6, 25000, 'paid', '2024-09-03', 1),
('4ZR8R', 2, 72500, 'paid', '2024-07-12', 1),
('54E4X', 1, 22000, 'paid', '2024-07-06', 1),
('57NIM', 2, 41800, 'paid', '2024-07-02', 1),
('5D0OS', 3, 365000, 'paid', '2024-07-23', 1),
('5FUMK', 1, 19600, 'paid', '2024-07-01', 1),
('5FWU2', 6, 8000, 'paid', '2024-07-31', 1),
('5HF0Q', 3, 5600, 'paid', '2024-07-23', 1),
('5I5ZD', 2, 23000, 'paid', '2024-07-25', 1),
('5PGU2', 3, 6300, 'paid', '2024-08-24', 1),
('5PPVF', 6, 44100, 'paid', '2024-07-11', 1),
('5S93U', 5, 9500, 'paid', '2024-08-29', 1),
('5VBTF', 14, 30000, 'paid', '2024-07-02', 1),
('5ZPM6', 2, 5000, 'paid', '2024-09-02', 1),
('60F1A', 1, 2000, 'paid', '2024-09-04', 1),
('610U8', 8, 15000, 'paid', '2024-09-04', 1),
('61G01', NULL, 5600, 'paid', '2024-08-23', 1),
('646XC', 11, 2000, 'paid', '2024-09-06', 1),
('64GHB', 6, 130500, 'paid', '2024-07-24', 1),
('65MZG', 16, 8100, 'paid', '2024-09-02', 1),
('666E3', 9, 3000, 'paid', '2024-08-12', 1),
('6BLB4', 1, 7000, 'paid', '2024-07-30', 1),
('6G75P', 11, 10000, 'paid', '2024-09-06', 1),
('6IKF7', 7, 12500, 'paid', '2024-09-04', 1),
('6J7WL', 3, 7300, 'paid', '2024-08-13', 1),
('6OLX7', 12, 56900, 'paid', '2024-07-13', 1),
('6P1U8', 7, 19100, 'paid', '2024-07-01', 1),
('6P3ML', 7, 31000, 'paid', '2024-07-01', 1),
('6RUBQ', 8, 8300, 'paid', '2024-08-22', 1),
('76R3X', 5, 117500, 'paid', '2024-07-18', 1),
('76YZE', 11, 26000, 'paid', '2024-07-10', 1),
('77KFU', 11, 2000, 'paid', '2024-09-06', 1),
('7ACOX', 1, 2800, 'paid', '2024-08-25', 1),
('7AG59', 8, 2500, 'paid', '2024-08-28', 1),
('7C03S', 11, 32000, 'paid', '2024-06-05', 1),
('7COVV', 12, 7000, 'notpaid', '2024-09-06', 0),
('7EF2I', 1, 34300, 'paid', '2024-07-01', 1),
('7HG84', 10, 2500, 'paid', '2024-07-22', 1),
('7II1X', 8, 2800, 'paid', '2024-08-23', 1),
('7JYOC', 6, 19000, 'paid', '2024-07-01', 1),
('7NPBO', 5, 72500, 'paid', '2024-07-20', 1),
('7QITN', 5, 84500, 'notpaid', '2024-09-07', 0),
('7ZN0Q', 7, 45000, 'paid', '2024-07-25', 1),
('808W8', 7, 3500, 'paid', '2024-08-12', 1),
('84OG6', 1, 59300, 'paid', '2024-07-02', 1),
('84RE1', 1, 6500, 'paid', '2024-08-12', 1),
('89NHO', 11, 8800, 'paid', '2024-09-04', 1),
('8BLHY', 11, 36000, 'paid', '2024-07-08', 1),
('8CVXA', NULL, 5000, 'notpaid', '2024-08-29', 0),
('8E3DA', 10, 2000, 'paid', '2024-08-24', 1),
('8EBC3', 11, 40000, 'paid', '2024-07-25', 1),
('8EX3Y', 18, 4000, 'paid', '2024-08-29', 1),
('8F99P', 10, 16000, 'paid', '2024-07-01', 1),
('8HCSS', NULL, 7500, 'paid', '2024-09-04', 0),
('8IG8B', 13, 45000, 'paid', '2024-07-08', 1),
('8JWR3', 12, 602000, 'paid', '2024-07-20', 1),
('8LGSZ', 1, 30000, 'paid', '2024-07-17', 1),
('8NWEF', 3, 36800, 'paid', '2024-07-12', 1),
('8OE02', NULL, 4500, 'paid', '2024-08-22', 1),
('8VLSQ', 1, 27900, 'paid', '2024-08-29', 1),
('8W5WJ', 13, 25500, 'paid', '2024-07-16', 1),
('8YRLE', 8, 23000, 'paid', '2024-07-01', 1),
('8ZCNU', 3, 14000, 'paid', '2024-08-21', 1),
('901TV', 1, 2800, 'paid', '2024-08-25', 1),
('91357', 4, 28500, 'paid', '2024-07-09', 1),
('9264K', 6, 2500, 'paid', '2024-08-23', 1),
('96FE8', 2, 32500, 'paid', '2024-07-25', 1),
('96ZKE', 2, 7600, 'paid', '2024-09-02', 1),
('97L36', 12, 21800, 'paid', '2024-07-09', 1),
('97POG', 7, 4000, 'paid', '2024-08-13', 1),
('993VS', NULL, 6300, 'paid', '2024-08-29', 1),
('9AH76', 1, 12000, 'paid', '2024-07-30', 1),
('9BS2S', NULL, 22000, 'paid', '2024-08-22', 1),
('9D0D9', 1, 12000, 'paid', '2024-07-30', 1),
('9O9XW', 1, 2500, 'paid', '2024-08-12', 1),
('9P0QL', 11, 46700, 'paid', '2024-07-10', 1),
('9R1QO', 2, 82000, 'paid', '2024-07-20', 1),
('9YZ4O', 11, 3500, 'paid', '2024-09-05', 1),
('9ZDD9', 16, 23500, 'paid', '2024-07-01', 1),
('A3B50', 1, 18000, 'paid', '2024-08-29', 1),
('A4UZL', 2, 180000, 'paid', '2024-07-22', 1),
('A72US', 1, 5000, 'paid', '2024-08-21', 1),
('A7K58', 5, 56000, 'paid', '2024-07-07', 1),
('A80XB', NULL, 14000, 'paid', '2024-08-25', 1),
('ACGLS', 1, 2000, 'paid', '2024-08-24', 1),
('AD7OT', 3, 6000, 'paid', '2024-09-06', 1),
('AHB2P', 4, 3500, 'paid', '2024-07-30', 1),
('AKAVA', 1, 8500, 'paid', '2024-09-02', 1),
('AREQU', 1, 5000, 'paid', '2024-07-23', 1),
('AUBDQ', 3, 90000, 'paid', '2024-07-21', 1),
('B1CZ6', 15, 10000, 'paid', '2024-09-04', 1),
('B7WQU', 10, 6000, 'paid', '2024-09-04', 1),
('B8HJR', 1, 3000, 'paid', '2024-08-25', 1),
('BF6CO', 6, 8000, 'paid', '2024-09-04', 1),
('BHU2E', 8, 41600, 'paid', '2024-07-16', 1),
('BOYLW', 16, 37400, 'paid', '2024-08-22', 1),
('BT9QS', 1, 3000, 'paid', '2024-08-25', 1),
('C5SNL', 1, 12000, 'paid', '2024-07-30', 1),
('C99FZ', 17, 53500, 'paid', '2024-09-02', 1),
('CADFR', 7, 7000, 'paid', '2024-07-08', 1),
('CBV4G', 15, 127000, 'paid', '2024-07-04', 1),
('CEB3O', 14, 88000, 'paid', '2024-07-12', 1),
('CF1AC', 8, 124900, 'paid', '2024-07-07', 1),
('CGW8H', 2, 125000, 'paid', '2024-07-21', 1),
('CHKHJ', 5, 5600, 'paid', '2024-08-22', 1),
('CI4SB', 15, 12600, 'paid', '2024-09-04', 1),
('CI6RR', 11, 35000, 'paid', '2024-07-09', 1),
('CKW6W', 1, 112000, 'paid', '2024-08-25', 1),
('CWR5S', 5, 36200, 'paid', '2024-07-08', 1),
('CY6QI', 1, 49000, 'paid', '2024-07-13', 1),
('D219G', 17, 20000, 'paid', '2024-09-02', 1),
('D2T5N', 10, 47500, 'paid', '2024-07-16', 1),
('D6ACD', 2, 18000, 'paid', '2024-07-25', 1),
('D9HAK', NULL, 5800, 'paid', '2024-08-23', 1),
('DAMF2', 9, 18600, 'paid', '2024-07-02', 1),
('DAYXE', 3, 15000, 'paid', '2024-07-23', 1),
('DBQTB', 3, 12000, 'paid', '2024-07-08', 1),
('DDL7N', 8, 45000, 'paid', '2024-09-06', 1),
('DF3W0', 3, 2800, 'paid', '2024-09-02', 1),
('DJFDS', 15, 10900, 'paid', '2024-08-22', 1),
('DLQLM', 3, 5500, 'paid', '2024-09-04', 1),
('DM2Y5', 10, 85500, 'paid', '2024-07-14', 1),
('DOVJ8', 11, 21500, 'paid', '2024-07-03', 1),
('DPVWZ', NULL, 4000, 'paid', '2024-09-06', 0),
('DQ511', 5, 17000, 'paid', '2024-07-02', 1),
('DQN3K', 9, 26000, 'paid', '2024-09-04', 1),
('DV3SJ', 5, 31000, 'paid', '2024-07-08', 1),
('DVDJ4', 11, 26000, 'paid', '2024-09-04', 1),
('E4TAK', NULL, 4000, 'paid', '2024-08-23', 1),
('E8E9Y', 17, 6000, 'paid', '2024-09-04', 1),
('E9MM8', 2, 8600, 'paid', '2024-08-13', 1),
('EAWMB', 18, 10800, 'paid', '2024-08-29', 1),
('EKKQC', 3, 43000, 'paid', '2024-07-07', 1),
('EKXE4', 3, 9500, 'paid', '2024-07-03', 1),
('EN2EX', 1, 18000, 'paid', '2024-07-01', 1),
('EPWRL', 1, 442500, 'paid', '2024-07-21', 1),
('ESQQJ', 2, 9300, 'paid', '2024-08-20', 1),
('EX4M8', 3, 7500, 'paid', '2024-08-12', 1),
('EXS5B', 1, 3000, 'paid', '2024-08-25', 1),
('F2EYV', 3, 2500, 'paid', '2024-08-12', 1),
('F2GOM', 2, 17000, 'paid', '2024-08-01', 1),
('F6DLI', 3, 3500, 'paid', '2024-08-24', 1),
('F7YRP', 8, 17200, 'paid', '2024-07-08', 1),
('F9I3C', 1, 9000, 'paid', '2024-07-19', 1),
('FCQYO', 9, 5300, 'paid', '2024-09-06', 0),
('FCZLY', 1, 5000, 'paid', '2024-08-01', 1),
('FFLIZ', 14, 93500, 'paid', '2024-07-23', 1),
('FGZK6', 3, 39200, 'paid', '2024-07-04', 1),
('FIV6M', 5, 12000, 'paid', '2024-08-01', 1),
('FONKV', 16, 12000, 'paid', '2024-08-29', 1),
('FQU3Y', 18, 2800, 'paid', '2024-08-28', 1),
('FU969', 10, 17000, 'paid', '2024-08-29', 1),
('FVDQ9', 1, 8400, 'paid', '2024-07-01', 1),
('FX12G', 13, 22500, 'paid', '2024-07-08', 1),
('G0MQA', 2, 8000, 'paid', '2024-07-02', 1),
('G3X4M', 14, 26100, 'paid', '2024-08-29', 1),
('G83CM', 8, 712500, 'paid', '2024-07-30', 1),
('GAUQZ', 5, 21000, 'paid', '2024-09-04', 1),
('GIJ6K', 1, 2500, 'paid', '2024-07-27', 1),
('GJCIL', 16, 2800, 'paid', '2024-08-13', 1),
('GP404', 1, 24100, 'paid', '2024-09-04', 1),
('GUGGE', 2, 5500, 'paid', '2024-08-12', 1),
('GX629', 3, 2500, 'paid', '2024-08-23', 1),
('H3FZU', 1, 19500, 'paid', '2024-08-29', 1),
('H3SX3', 15, 547400, 'paid', '2024-07-26', 1),
('H9NUC', 8, 20500, 'paid', '2024-07-09', 1),
('HAAEP', 3, 12500, 'paid', '2024-09-05', 1),
('HBEUW', 2, 4000, 'paid', '2024-08-13', 1),
('HGA3J', 12, 31500, 'paid', '2024-07-25', 1),
('HH9RU', 7, 8600, 'paid', '2024-08-22', 1),
('HKDHS', 15, 21000, 'paid', '2024-08-29', 1),
('HO3Y8', 1, 28000, 'paid', '2024-07-23', 1),
('HQ0XS', 2, 42500, 'paid', '2024-07-04', 1),
('HR4RQ', 1, 33200, 'paid', '2024-07-25', 1),
('HRIK3', 8, 6800, 'paid', '2024-08-12', 1),
('HSFZ7', 12, 51000, 'paid', '2024-07-06', 1),
('HWV58', 11, 6500, 'paid', '2024-09-05', 1),
('HZMQ4', 11, 28800, 'paid', '2024-07-08', 1),
('HZS7A', 12, 4000, 'paid', '2024-07-25', 1),
('I4SPR', 16, 14500, 'paid', '2024-08-13', 1),
('I6HFA', 3, 19500, 'paid', '2024-07-01', 1),
('I8CWL', 10, 42000, 'paid', '2024-07-25', 1),
('IASCI', 3, 400000, 'paid', '2024-08-01', 1),
('IBW24', NULL, 5600, 'paid', '2024-09-06', 0),
('ID40Z', 10, 20500, 'paid', '2024-07-15', 1),
('IDIB7', 7, 9500, 'paid', '2024-09-06', 1),
('IDSNM', 2, 2800, 'paid', '2024-09-05', 1),
('IKF66', 15, 32400, 'paid', '2024-07-03', 1),
('ILFVL', 3, 8400, 'paid', '2024-07-23', 1),
('IOASA', 1, 15000, 'paid', '2024-08-12', 1),
('IORAG', 18, 3500, 'paid', '2024-09-02', 1),
('ISOES', 8, 75000, 'paid', '2024-07-25', 1),
('J38RE', 8, 93000, 'paid', '2024-07-02', 1),
('J3LIZ', 13, 14400, 'paid', '2024-08-22', 1),
('J43JE', 4, 37500, 'paid', '2024-07-15', 1),
('J69TF', 8, 154000, 'paid', '2024-07-23', 1),
('J6D6F', 1, 23000, 'paid', '2024-08-22', 1),
('JAB0K', 5, 8600, 'paid', '2024-08-22', 1),
('JANKG', 11, 67400, 'paid', '2024-07-06', 1),
('JCENL', 11, 42500, 'paid', '2024-07-13', 1),
('JK8I6', 17, 5000, 'paid', '2024-08-29', 1),
('JMYFQ', 15, 130000, 'paid', '2024-07-19', 1),
('JNEV2', 1, 19500, 'paid', '2024-07-25', 1),
('JNIDS', 11, 36500, 'paid', '2024-07-11', 1),
('JS30Q', 2, 4000, 'paid', '2024-09-02', 1),
('K0XWJ', 3, 16000, 'paid', '2024-08-29', 1),
('K16GN', 5, 2500, 'paid', '2024-08-23', 1),
('K1DCC', 1, 2500, 'paid', '2024-07-25', 1),
('K7BRO', 6, 4800, 'paid', '2024-09-06', 0),
('K7GQ8', 2, 11500, 'paid', '2024-08-29', 1),
('K881E', 12, 25000, 'paid', '2024-07-10', 1),
('KALTO', 8, 15600, 'paid', '2024-09-04', 1),
('KHZNF', 2, 3000, 'paid', '2024-09-02', 1),
('KL0P5', 9, 14500, 'paid', '2024-08-29', 1),
('KM97V', 2, 13000, 'paid', '2024-07-11', 1),
('KOXXW', 10, 51500, 'paid', '2024-08-29', 1),
('KTUNS', 1, 5600, 'paid', '2024-08-21', 1),
('L1AMM', 1, 3000, 'paid', '2024-08-25', 1),
('L2DLE', 16, 25600, 'paid', '2024-08-01', 1),
('L4FFK', 15, 185000, 'paid', '2024-07-21', 1),
('L4SSU', 14, 24600, 'paid', '2024-07-15', 1),
('L7F4X', 5, 2500, 'paid', '2024-08-23', 1),
('L82SH', 15, 3000, 'paid', '2024-08-12', 1),
('L8QPM', 5, 4000, 'paid', '2024-08-29', 1),
('LDT19', 1, 2800, 'paid', '2024-07-25', 1),
('LGDW5', 4, 22000, 'paid', '2024-07-02', 1),
('LI4R7', 8, 16000, 'paid', '2024-07-07', 1),
('LMVZH', 2, 26000, 'paid', '2024-09-05', 1),
('LO62R', 11, 7000, 'paid', '2024-09-05', 1),
('LU39Z', 1, 11800, 'paid', '2024-07-24', 1),
('LULCB', 2, 5600, 'paid', '2024-09-06', 1),
('LWNAO', 10, 9000, 'paid', '2024-07-22', 1),
('LX5WT', 17, 22500, 'paid', '2024-08-29', 1),
('LXW8A', 4, 275000, 'paid', '2024-07-17', 1),
('M8RU7', 7, 5600, 'paid', '2024-09-06', 1),
('MCL9P', 3, 9500, 'paid', '2024-07-10', 1),
('MM2FK', 11, 57000, 'paid', '2024-07-01', 1),
('MOEH6', 9, 18500, 'paid', '2024-07-08', 1),
('MORMI', 3, 22500, 'paid', '2024-07-15', 1),
('MPE8S', 12, 24000, 'paid', '2024-07-07', 1),
('MU474', 12, 3500, 'paid', '2024-08-12', 1),
('N3PLR', 5, 2800, 'paid', '2024-08-20', 1),
('N5WOM', 17, 2800, 'paid', '2024-08-25', 1),
('N6GUW', 3, 7000, 'paid', '2024-09-04', 1),
('N6U5Z', 9, 20500, 'paid', '2024-07-02', 1),
('N755U', 4, 115000, 'paid', '2024-07-25', 1),
('N7FFL', 11, 41000, 'paid', '2024-07-01', 1),
('NDPPY', 1, 4000, 'paid', '2024-07-25', 1),
('NEAT5', NULL, 3500, 'paid', '2024-09-06', 0),
('NH5KM', 8, 10500, 'paid', '2024-08-29', 1),
('NHNZW', NULL, 33500, 'paid', '2024-09-02', 0),
('NJASP', NULL, 2800, 'paid', '2024-09-02', 0),
('NKFCW', 3, 18000, 'paid', '2024-09-06', 1),
('NKU2G', 2, 39600, 'paid', '2024-07-05', 1),
('NRZ2W', 3, 440000, 'paid', '2024-07-25', 1),
('NS0FT', 13, 23000, 'paid', '2024-07-10', 1),
('NS5YI', 11, 498500, 'paid', '2024-07-29', 1),
('NXIY2', 12, 36500, 'paid', '2024-07-01', 1),
('O11ZX', 15, 7500, 'paid', '2024-09-04', 1),
('O8X4W', 8, 8000, 'paid', '2024-09-02', 1),
('OB7W7', 11, 20000, 'paid', '2024-09-05', 1),
('OE6IG', 1, 8000, 'paid', '2024-07-01', 1),
('OM6HD', NULL, 8000, 'notpaid', '2024-08-29', 0),
('OMGY0', NULL, 5000, 'paid', '2024-08-23', 1),
('OR1N1', 1, 2800, 'paid', '2024-08-25', 1),
('OXKWG', 10, 21000, 'paid', '2024-07-25', 1),
('OXLL8', 2, 30500, 'paid', '2024-09-05', 1),
('OXUXX', 16, 14500, 'paid', '2024-09-02', 1),
('OYEQS', 12, 4800, 'paid', '2024-08-21', 1),
('P0M3P', 1, 3000, 'paid', '2024-08-25', 1),
('P6LVA', 10, 32500, 'paid', '2024-09-04', 1),
('P7ZTR', NULL, 2800, 'paid', '2024-09-05', 0),
('P9268', 11, 28000, 'paid', '2024-07-11', 1),
('PBW7C', 13, 46300, 'paid', '2024-07-11', 1),
('PDXGO', 18, 4000, 'paid', '2024-08-29', 1),
('PGFQ4', 16, 4000, 'paid', '2024-08-01', 1),
('PGR6Q', 2, 10800, 'paid', '2024-09-05', 1),
('PJ2IK', 10, 678500, 'paid', '2024-07-19', 1),
('PLXZL', 11, 10500, 'paid', '2024-09-06', 1),
('PRAXG', 4, 10500, 'paid', '2024-07-02', 1),
('PS7Y9', 6, 41800, 'paid', '2024-08-29', 1),
('PSR0K', 18, 5500, 'paid', '2024-08-28', 1),
('PVI0V', 14, 36500, 'paid', '2024-07-09', 1),
('PZM9Q', 10, 3000, 'paid', '2024-08-25', 1),
('Q0DAU', 2, 15000, 'paid', '2024-08-23', 1),
('Q2VFE', NULL, 6500, 'paid', '2024-09-02', 1),
('Q3KT1', 6, 13100, 'paid', '2024-07-02', 1),
('Q67DV', 8, 30400, 'paid', '2024-07-01', 1),
('QDIFZ', 17, 4800, 'paid', '2024-09-04', 1),
('QFCBS', NULL, 5500, 'paid', '2024-09-02', 0),
('QFF79', 15, 12000, 'paid', '2024-09-02', 1),
('QHG56', NULL, 5300, 'paid', '2024-09-06', 0),
('QHTQQ', 7, 3500, 'paid', '2024-09-05', 1),
('QLKZP', 3, 2000, 'paid', '2024-07-25', 1),
('QMY2R', 14, 295000, 'paid', '2024-07-18', 1),
('QNK5H', 15, 19000, 'paid', '2024-07-22', 1),
('QOIHX', 5, 22500, 'paid', '2024-07-09', 1),
('QQHU1', 16, 310000, 'paid', '2024-07-18', 1),
('QROTU', 12, 41400, 'paid', '2024-07-25', 1),
('QS5YE', NULL, 2500, 'paid', '2024-08-23', 1),
('QV8UY', 6, 5800, 'paid', '2024-09-04', 1),
('QVP2P', 3, 8400, 'paid', '2024-07-25', 1),
('QXTD5', 2, 9000, 'paid', '2024-07-24', 1),
('QYBEV', 4, 7000, 'paid', '2024-07-10', 1),
('QYEKC', 8, 8300, 'paid', '2024-08-29', 1),
('R0JTW', 8, 93000, 'paid', '2024-07-23', 1),
('R0JXT', 4, 67500, 'paid', '2024-07-23', 1),
('R0U5R', 11, 8000, 'paid', '2024-09-06', 1),
('R44DK', 1, 2000, 'paid', '2024-08-24', 1),
('RH2UC', 9, 8000, 'paid', '2024-09-04', 1),
('RMPL0', 16, 2000, 'paid', '2024-09-05', 1),
('RP4AK', 4, 9500, 'paid', '2024-07-22', 1),
('RPWZX', NULL, 28000, 'paid', '2024-09-06', 0),
('RQ26U', 2, 5800, 'paid', '2024-08-24', 1),
('RTBUJ', 3, 5000, 'paid', '2024-07-04', 1),
('RWCFO', NULL, 4500, 'paid', '2024-08-23', 1),
('S7IVE', 6, 2000, 'paid', '2024-09-04', 1),
('SB702', 3, 2500, 'paid', '2024-08-12', 1),
('SCHCM', 4, 180000, 'paid', '2024-07-22', 1),
('SD0TE', 11, 27800, 'paid', '2024-08-29', 1),
('SDLKD', 1, 130000, 'paid', '2024-07-23', 1),
('SGT5J', NULL, 5500, 'paid', '2024-09-02', 0),
('SGWOZ', 7, 6000, 'paid', '2024-09-06', 1),
('SI20Q', 11, 24000, 'paid', '2024-07-23', 1),
('SI4OX', 7, 3500, 'paid', '2024-08-28', 1),
('SIDX1', 17, 8400, 'paid', '2024-08-29', 1),
('SL8NI', 5, 20500, 'paid', '2024-08-29', 1),
('SMH31', 2, 6000, 'paid', '2024-08-13', 1),
('SONZO', 11, 26000, 'paid', '2024-07-08', 1),
('SRG4I', 3, 390000, 'paid', '2024-07-24', 1),
('T1F8V', 1, 3000, 'paid', '2024-08-25', 1),
('T7W7N', 3, 8000, 'paid', '2024-09-05', 1),
('T91HR', 7, 9500, 'paid', '2024-07-06', 1),
('TDISH', 16, 62600, 'paid', '2024-07-14', 1),
('TDJOX', 16, 45600, 'paid', '2024-07-06', 1),
('TDKEM', 6, 8100, 'paid', '2024-08-22', 1),
('TEQMC', 7, 9600, 'paid', '2024-09-04', 1),
('TF8R6', 1, 3000, 'paid', '2024-08-25', 1),
('THIH6', 4, 10500, 'paid', '2024-08-29', 1),
('TISUW', 11, 21300, 'paid', '2024-09-06', 1),
('TL4UF', 1, 2000, 'paid', '2024-08-01', 1),
('TM59L', 13, 9000, 'paid', '2024-07-23', 1),
('TN6B3', 11, 5500, 'paid', '2024-09-06', 1),
('TO2LI', 13, 23500, 'paid', '2024-07-09', 1),
('TR3S4', 12, 18500, 'paid', '2024-07-10', 1),
('TVFA5', 17, 2500, 'paid', '2024-09-04', 1),
('TYB26', 8, 4500, 'paid', '2024-08-20', 1),
('TZQWG', 4, 34000, 'paid', '2024-07-08', 1),
('U2ICS', 1, 19000, 'paid', '2024-07-26', 1),
('U3IHR', 15, 520000, 'paid', '2024-07-17', 1),
('U5X4G', 1, 2800, 'paid', '2024-08-25', 1),
('U6KWT', 3, 190000, 'paid', '2024-07-17', 1),
('U84F8', 3, 2800, 'paid', '2024-07-23', 1),
('UFJ62', 13, 24000, 'paid', '2024-07-09', 1),
('UHSD2', NULL, 2800, 'paid', '2024-08-20', 1),
('UPJYD', 6, 3000, 'paid', '2024-08-23', 1),
('UQ0AN', 12, 37000, 'paid', '2024-07-23', 1),
('UT336', 2, 3000, 'paid', '2024-09-02', 1),
('UUDX5', 5, 5800, 'paid', '2024-08-22', 1),
('UVR15', 20, 21000, 'paid', '2024-09-04', 1),
('UY7GL', 1, 3500, 'paid', '2024-07-25', 1),
('V5K84', 5, 7500, 'paid', '2024-07-11', 1),
('V8HFK', 2, 11200, 'paid', '2024-07-09', 1),
('VAYZN', 1, 17500, 'paid', '2024-07-25', 1),
('VD6FE', 11, 10000, 'paid', '2024-09-06', 1),
('VEX59', 8, 3000, 'paid', '2024-08-28', 1),
('VK4TR', 3, 7000, 'paid', '2024-09-04', 1),
('VM5PQ', 15, 71500, 'paid', '2024-07-01', 1),
('VMDBC', 18, 15000, 'paid', '2024-09-05', 1),
('VRJPQ', 3, 15000, 'paid', '2024-07-22', 1),
('W04VJ', 3, 36000, 'paid', '2024-07-23', 1),
('W0JA8', 18, 3500, 'paid', '2024-08-29', 1),
('W34FP', NULL, 7600, 'paid', '2024-08-23', 1),
('W8BOD', 12, 390000, 'paid', '2024-07-22', 1),
('W97C9', 6, 2800, 'paid', '2024-09-05', 1),
('WH4SE', 13, 13500, 'paid', '2024-07-09', 1),
('WI3WN', 8, 82000, 'paid', '2024-07-02', 1),
('WJI53', NULL, 3000, 'paid', '2024-09-02', 0),
('WK9DI', 1, 8500, 'paid', '2024-09-04', 1),
('WM34W', 7, 91000, 'paid', '2024-07-11', 1),
('WNL2B', 12, 27100, 'paid', '2024-07-01', 1),
('WT5ZM', 1, 2800, 'paid', '2024-08-25', 1),
('WUS5Y', 3, 20000, 'paid', '2024-07-11', 1),
('WZ534', 10, 8000, 'paid', '2024-09-04', 1),
('X489G', 13, 36600, 'paid', '2024-07-05', 1),
('X6QQF', 10, 27500, 'paid', '2024-07-10', 1),
('X8WTN', NULL, 8800, 'paid', '2024-08-22', 1),
('XBASK', 9, 3500, 'paid', '2024-09-05', 1),
('XHS3J', 9, 8000, 'paid', '2024-07-01', 1),
('XIS22', 18, 2800, 'paid', '2024-09-02', 1),
('XP6P6', 4, 48000, 'paid', '2024-07-25', 1),
('XPQ6Y', 11, 30500, 'paid', '2024-07-10', 1),
('XPUF3', 9, 21000, 'paid', '2024-07-01', 1),
('XPW65', 1, 6500, 'paid', '2024-08-25', 1),
('XRGPJ', 16, 36000, 'paid', '2024-07-13', 1),
('XSLDA', 16, 497300, 'paid', '2024-07-19', 1),
('XURYX', NULL, 9000, 'paid', '2024-08-23', 1),
('Y152S', 5, 6300, 'paid', '2024-08-12', 1),
('Y3GUU', 13, 14500, 'paid', '2024-07-08', 1),
('Y4O9L', 2, 20000, 'paid', '2024-07-16', 1),
('YDIK6', 13, 17500, 'paid', '2024-08-29', 1),
('YHG7L', 1, 3000, 'paid', '2024-07-25', 1),
('YJ145', 1, 2000, 'paid', '2024-09-02', 1),
('YLEUN', 6, 24500, 'paid', '2024-09-04', 1),
('YQEU7', 17, 2800, 'paid', '2024-08-25', 1),
('YR7OL', 3, 6800, 'paid', '2024-08-13', 1),
('YRN2E', 17, 5800, 'paid', '2024-09-02', 1),
('YUQX1', 1, 7500, 'paid', '2024-07-31', 1),
('YXYZS', 18, 3500, 'paid', '2024-08-29', 1),
('ZAP6J', 3, 22000, 'paid', '2024-08-13', 1),
('ZB4AV', 9, 6000, 'paid', '2024-09-04', 1),
('ZJ0AN', 5, 13000, 'paid', '2024-08-22', 1),
('ZJC0H', 12, 597500, 'paid', '2024-07-31', 1),
('ZJS2E', 8, 30500, 'paid', '2024-08-28', 1),
('ZKKAI', 13, 522000, 'paid', '2024-07-27', 1),
('ZMOCM', 2, 57500, 'paid', '2024-07-04', 1),
('ZOWV6', 3, 2800, 'paid', '2024-09-01', 1),
('ZQ0SX', 6, 18000, 'paid', '2024-07-03', 1),
('ZTJTI', 1, 10000, 'paid', '2024-07-30', 1),
('ZX7PQ', 3, 5000, 'paid', '2024-08-01', 1),
('ZY213', 1, 30000, 'paid', '2024-07-22', 1);

--
-- Triggers `transaction`
--
DELIMITER $$
CREATE TRIGGER `after_transaction_update` AFTER UPDATE ON `transaction` FOR EACH ROW BEGIN
    DECLARE record_count INT;

    -- Handle when payment status changes to 'paid'
    IF NEW.payment_status = 'paid' AND OLD.payment_status <> 'paid' THEN
        -- Check if there's an existing record for the current date
        SELECT COUNT(*) INTO record_count
        FROM daily_record
        WHERE date = NEW.tran_date;

        IF record_count > 0 THEN
            -- If record for current date exists, update the income
            UPDATE daily_record
            SET income = income + NEW.t_total
            WHERE date = NEW.tran_date;
        ELSE
            -- If no record for current date, insert a new row
            INSERT INTO daily_record (income, expense, profit, date)
            VALUES (NEW.t_total, 0, 0, NEW.tran_date);
        END IF;
    END IF;

    -- Handle when payment status changes from 'paid' to another status
    IF OLD.payment_status = 'paid' AND NEW.payment_status <> 'paid' THEN
        -- Check if there's an existing record for the old date
        SELECT COUNT(*) INTO record_count
        FROM daily_record
        WHERE date = OLD.tran_date;

        IF record_count > 0 THEN
            -- If record for old date exists, update the income
            UPDATE daily_record
            SET income = income - OLD.t_total
            WHERE date = OLD.tran_date;

            -- Optionally, handle if income becomes zero (depends on your business logic)
            -- For example, you might want to delete the record or update it
        END IF;
    END IF;
END
$$
DELIMITER ;
DELIMITER $$
CREATE TRIGGER `update_daily_record_after_delete` AFTER DELETE ON `transaction` FOR EACH ROW BEGIN
    DECLARE record_count INT;

    IF OLD.payment_status = 'paid' THEN
        -- Check if there's an existing record for the current date
        SELECT COUNT(*) INTO record_count
        FROM daily_record
        WHERE date = OLD.tran_date;

        IF record_count > 0 THEN
            -- If record for current date exists, update the income
            UPDATE daily_record
            SET income = income - OLD.t_total
            WHERE date = OLD.tran_date;
        END IF;
    END IF;
END
$$
DELIMITER ;
DELIMITER $$
CREATE TRIGGER `update_daily_record_after_insert` AFTER INSERT ON `transaction` FOR EACH ROW BEGIN
    DECLARE record_count INT;
    
    IF NEW.payment_status = 'paid' THEN
        -- Check if there's an existing record for the current date
        SELECT COUNT(*) INTO record_count
        FROM daily_record
        WHERE date = NEW.tran_date;
        
        IF record_count > 0 THEN
            -- If record for current date exists, update the income
            UPDATE daily_record
            SET income = income + NEW.t_total
            WHERE date = NEW.tran_date;
        ELSE
            -- If no record for current date, insert a new row
            INSERT INTO daily_record (income, expense, profit, date)
            VALUES (NEW.t_total, 0, 0, NEW.tran_date);
        END IF;
    END IF;
END
$$
DELIMITER ;

--
-- Indexes for dumped tables
--

--
-- Indexes for table `attendance`
--
ALTER TABLE `attendance`
  ADD PRIMARY KEY (`attendance_id`),
  ADD KEY `staff_id` (`staff_id`);

--
-- Indexes for table `daily_record`
--
ALTER TABLE `daily_record`
  ADD PRIMARY KEY (`d_id`);

--
-- Indexes for table `foods`
--
ALTER TABLE `foods`
  ADD PRIMARY KEY (`food_id`),
  ADD KEY `f_id` (`f_id`);

--
-- Indexes for table `food_category`
--
ALTER TABLE `food_category`
  ADD PRIMARY KEY (`f_id`);

--
-- Indexes for table `inventory`
--
ALTER TABLE `inventory`
  ADD PRIMARY KEY (`item_id`);

--
-- Indexes for table `inventory_use`
--
ALTER TABLE `inventory_use`
  ADD PRIMARY KEY (`inventory_id`);

--
-- Indexes for table `message`
--
ALTER TABLE `message`
  ADD PRIMARY KEY (`id`);

--
-- Indexes for table `payroll`
--
ALTER TABLE `payroll`
  ADD PRIMARY KEY (`pid`);

--
-- Indexes for table `reservations`
--
ALTER TABLE `reservations`
  ADD PRIMARY KEY (`id`);

--
-- Indexes for table `salary`
--
ALTER TABLE `salary`
  ADD PRIMARY KEY (`salary_id`);

--
-- Indexes for table `selection_order`
--
ALTER TABLE `selection_order`
  ADD PRIMARY KEY (`s_id`),
  ADD KEY `selection_order_ibfk_1` (`food_id`),
  ADD KEY `selection_order_ibfk_2` (`r_id`),
  ADD KEY `selection_order_ibfk_3` (`t_id`);

--
-- Indexes for table `staff`
--
ALTER TABLE `staff`
  ADD PRIMARY KEY (`staff_id`);

--
-- Indexes for table `system_admin`
--
ALTER TABLE `system_admin`
  ADD PRIMARY KEY (`admin_id`);

--
-- Indexes for table `tables`
--
ALTER TABLE `tables`
  ADD PRIMARY KEY (`TableID`);

--
-- Indexes for table `transaction`
--
ALTER TABLE `transaction`
  ADD PRIMARY KEY (`tid`),
  ADD KEY `tableId` (`tableId`);

--
-- AUTO_INCREMENT for dumped tables
--

--
-- AUTO_INCREMENT for table `attendance`
--
ALTER TABLE `attendance`
  MODIFY `attendance_id` int(11) NOT NULL AUTO_INCREMENT, AUTO_INCREMENT=4;

--
-- AUTO_INCREMENT for table `daily_record`
--
ALTER TABLE `daily_record`
  MODIFY `d_id` int(11) NOT NULL AUTO_INCREMENT, AUTO_INCREMENT=104;

--
-- AUTO_INCREMENT for table `foods`
--
ALTER TABLE `foods`
  MODIFY `food_id` int(11) NOT NULL AUTO_INCREMENT, AUTO_INCREMENT=1097;

--
-- AUTO_INCREMENT for table `food_category`
--
ALTER TABLE `food_category`
  MODIFY `f_id` int(30) NOT NULL AUTO_INCREMENT, AUTO_INCREMENT=47;

--
-- AUTO_INCREMENT for table `inventory`
--
ALTER TABLE `inventory`
  MODIFY `item_id` int(11) NOT NULL AUTO_INCREMENT, AUTO_INCREMENT=94;

--
-- AUTO_INCREMENT for table `inventory_use`
--
ALTER TABLE `inventory_use`
  MODIFY `inventory_id` int(11) NOT NULL AUTO_INCREMENT, AUTO_INCREMENT=555;

--
-- AUTO_INCREMENT for table `message`
--
ALTER TABLE `message`
  MODIFY `id` int(11) NOT NULL AUTO_INCREMENT, AUTO_INCREMENT=20;

--
-- AUTO_INCREMENT for table `payroll`
--
ALTER TABLE `payroll`
  MODIFY `pid` int(11) NOT NULL AUTO_INCREMENT, AUTO_INCREMENT=6;

--
-- AUTO_INCREMENT for table `reservations`
--
ALTER TABLE `reservations`
  MODIFY `id` int(11) NOT NULL AUTO_INCREMENT, AUTO_INCREMENT=169;

--
-- AUTO_INCREMENT for table `selection_order`
--
ALTER TABLE `selection_order`
  MODIFY `s_id` int(11) NOT NULL AUTO_INCREMENT, AUTO_INCREMENT=1897;

--
-- AUTO_INCREMENT for table `staff`
--
ALTER TABLE `staff`
  MODIFY `staff_id` int(11) NOT NULL AUTO_INCREMENT, AUTO_INCREMENT=6;

--
-- AUTO_INCREMENT for table `system_admin`
--
ALTER TABLE `system_admin`
  MODIFY `admin_id` int(10) UNSIGNED NOT NULL AUTO_INCREMENT, AUTO_INCREMENT=2;

--
-- Constraints for dumped tables
--

--
-- Constraints for table `attendance`
--
ALTER TABLE `attendance`
  ADD CONSTRAINT `attendance_ibfk_1` FOREIGN KEY (`staff_id`) REFERENCES `staff` (`staff_id`);

--
-- Constraints for table `foods`
--
ALTER TABLE `foods`
  ADD CONSTRAINT `foods_ibfk_1` FOREIGN KEY (`f_id`) REFERENCES `food_category` (`f_id`);

--
-- Constraints for table `selection_order`
--
ALTER TABLE `selection_order`
  ADD CONSTRAINT `selection_order_ibfk_1` FOREIGN KEY (`r_id`) REFERENCES `reservations` (`id`) ON DELETE SET NULL ON UPDATE SET NULL,
  ADD CONSTRAINT `selection_order_ibfk_3` FOREIGN KEY (`t_id`) REFERENCES `transaction` (`tid`) ON DELETE CASCADE,
  ADD CONSTRAINT `selection_order_ibfk_4` FOREIGN KEY (`food_id`) REFERENCES `foods` (`food_id`);

--
-- Constraints for table `transaction`
--
ALTER TABLE `transaction`
  ADD CONSTRAINT `transaction_ibfk_1` FOREIGN KEY (`tableId`) REFERENCES `tables` (`TableID`) ON DELETE SET NULL ON UPDATE NO ACTION;
COMMIT;

/*!40101 SET CHARACTER_SET_CLIENT=@OLD_CHARACTER_SET_CLIENT */;
/*!40101 SET CHARACTER_SET_RESULTS=@OLD_CHARACTER_SET_RESULTS */;
/*!40101 SET COLLATION_CONNECTION=@OLD_COLLATION_CONNECTION */;
